"Site","Identifier","Date","GPS_ID","Latitude","Longitude","Point","Hs_insitu","Tare"
"Fortress Ridge South","21_125",2021-05-05,1,50.8383337622222,-115.215799556944,2,2.4,172
"Fortress Ridge South","21_125",2021-05-05,2,50.8382739252778,-115.2158343325,5,2.13,172
"Fortress Ridge South","21_125",2021-05-05,3,50.8382146866667,-115.215866904444,8,2.24,172
"Fortress Ridge South","21_125",2021-05-05,4,50.8381710038889,-115.215885320833,11,2.46,172
"Fortres Ridge","21_125",2021-05-05,7,50.8365130438889,-115.220271676389,1,0.19,36
"Fortres Ridge","21_125",2021-05-05,8,50.8365186988889,-115.220379658611,4,0.11,36
"Fortres Ridge","21_125",2021-05-05,9,50.8364983472222,-115.220475317222,7,0.11,36
"Fortres Ridge","21_125",2021-05-05,10,50.8364373569444,-115.220712041389,13,0.13,36
"Bonsai","21_125",2021-05-05,12,50.8211062888889,-115.214080673611,1,1.62,114
"Bonsai","21_125",2021-05-05,13,50.8210567644444,-115.214082232222,4,1.8,114
"Bonsai","21_125",2021-05-05,14,50.8210281136111,-115.214137668056,7,1.75,114
"Bonsai","21_125",2021-05-05,15,50.8209824919444,-115.214159134444,10,1.83,114
"Bonsai","21_125",2021-05-05,16,50.8209313177778,-115.214179881111,13,1.97,114
"Canadian Ridge","21_125",2021-05-05,19,50.821506195,-115.206298923889,1,0.39,112
"Canadian Ridge","21_125",2021-05-05,20,50.8215410666667,-115.206374095,4,0.59,112
"Canadian Ridge","21_125",2021-05-05,21,50.8215712491667,-115.206486127222,7,1.7,112
"Canadian Ridge","21_125",2021-05-05,22,50.82160248,-115.206576518611,10,1.25,112
"Canadian Ridge","21_125",2021-05-05,23,50.8216198119444,-115.206640175,13,1.16,112
"Canadian Ridge","21_125",2021-05-05,24,50.8216421872222,-115.206719435556,16,1.26,112
"Canadian Ridge","21_125",2021-05-05,25,50.8216729788889,-115.2068064675,19,1.16,112
"Powerline","21_125",2021-05-05,26,50.8259632627778,-115.198183433333,1,1.4,114
"Powerline","21_125",2021-05-05,30,50.82607997,-115.197723539167,13,1.42,114
"Snow Experiment","21_125",2021-05-05,33,50.8221661186111,-115.197992966389,1,0.6,35.5
"Snow Experiment","21_125",2021-05-05,34,50.8221289411111,-115.197973243333,2,0.66,35.5
"Snow Experiment","21_125",2021-05-05,35,50.8220836538889,-115.197949374444,3,0.59,35.5
"Snow Experiment","21_125",2021-05-05,36,50.8220686305556,-115.197905226667,4,0.49,35.5
"Snow Experiment","21_125",2021-05-05,37,50.8220724944444,-115.197858645833,5,0.48,35.5
"Snow Experiment","21_125",2021-05-05,38,50.8220763472222,-115.1978157375,6,0.47,35.5
"Snow Experiment","21_125",2021-05-05,39,50.8220909922222,-115.197733614722,7,0.58,35.5
"Snow Experiment","21_125",2021-05-05,40,50.8221214788889,-115.197710489167,8,0.53,35.5
"Snow Experiment","21_125",2021-05-05,41,50.8221707427778,-115.197718770278,9,0.84,35.5
"Snow Experiment","21_125",2021-05-05,42,50.8222146525,-115.197749393889,10,1.11,35.5
"Snow Experiment","21_125",2021-05-05,43,50.8222234658333,-115.197866753056,11,0.74,35.5
"Snow Experiment","21_125",2021-05-05,44,50.8221999936111,-115.197939161667,12,0.68,35.5
"Fortress Ridge South","21_137",2021-05-17,2,50.8383098336111,-115.215808080278,1,1.74,159
"Fortress Ridge South","21_137",2021-05-17,3,50.8382271522222,-115.215864161944,2,2.04,159
"Fortress Ridge South","21_137",2021-05-17,4,50.8382304786111,-115.215754394722,3,1.4,159
"Fortress Ridge South","21_137",2021-05-17,5,50.8382320977778,-115.215684311389,4,1,159
"Fortress Ridge South","21_137",2021-05-17,6,50.8382306202778,-115.215631853333,5,0.68,159
"Fortress Ridge South","21_137",2021-05-17,7,50.8382324627778,-115.215588131389,6,0.37,159
"Bonsai","21_137",2021-05-17,8,50.8210915658333,-115.214083817778,1,1.43,115
"Bonsai","21_137",2021-05-17,9,50.8210406711111,-115.214082988889,2,1.43,115
"Bonsai","21_137",2021-05-17,10,50.8210158372222,-115.214159839444,3,1.44,115
"Bonsai","21_137",2021-05-17,11,50.8209692069444,-115.214163322778,4,1.47,115
"Bonsai","21_137",2021-05-17,12,50.8209339883333,-115.214181733889,5,1.68,115
"Bonsai","21_137",2021-05-17,13,50.8209490444444,-115.214081352778,6,1.52,115
"Bonsai","21_137",2021-05-17,14,50.8209479747222,-115.214063767222,7,1.55,115
"Powerline","21_137",2021-05-17,24,50.8260093822222,-115.197931831389,2,1.12,115
"Powerline","21_137",2021-05-17,25,50.8260437794444,-115.197856153333,5,1.02,115
"Powerline","21_137",2021-05-17,26,50.8260565433333,-115.197779161389,6,1.15,115
"Powerline","21_137",2021-05-17,27,50.8260829708333,-115.197712246389,7,1.19,115
"Fortress Ridge South","21_152",2021-06-01,2,50.8380577147222,-115.215765167222,1,0.72,114
"Fortress Ridge South","21_152",2021-06-01,3,50.8379705427778,-115.215806365,4,0.86,114
"Fortress Ridge South","21_152",2021-06-01,4,50.8378574797222,-115.215812823056,7,1.67,114
"Fortress Ridge South","21_152",2021-06-01,5,50.8377520311111,-115.215738069167,10,0.75,114
"Fortress Ridge South","21_152",2021-06-01,6,50.8376709091667,-115.215765878333,13,0.92,114
"Fortress Ridge South","21_152",2021-06-01,7,50.8375799825,-115.215648900278,16,1.2,114
"Bonsai","21_152",2021-06-01,8,50.8211024705556,-115.214071095833,1,1.12,37
"Bonsai","21_152",2021-06-01,9,50.8210318244444,-115.2141139575,4,1.11,37
"Bonsai","21_152",2021-06-01,10,50.8209876236111,-115.214161687778,7,1.17,37
"Bonsai","21_152",2021-06-01,11,50.8209377333333,-115.214178670833,10,1.39,37
"Fortress Ridge South","21_159",2021-06-08,1,50.8383318241667,-115.215781364167,2,1.15,66
"Fortress Ridge South","21_159",2021-06-08,2,50.8383068927778,-115.215790686944,4,0.76,66
"Fortress Ridge South","21_159",2021-06-08,3,50.8382658902778,-115.215827223056,8,0.94,66
"Fortress Ridge South","21_159",2021-06-08,4,50.8382269269444,-115.215855215,10,0.81,66
"Fortress Ridge South","21_159",2021-06-08,5,50.8381880702778,-115.215872055833,12,1.08,66
"Fortress Ridge South","21_159",2021-06-08,6,50.8381776577778,-115.215878052778,14,1.25,66
"Bonsai","21_159",2021-06-08,10,50.8210305863889,-115.214083389722,1,0.83,36.5
"Bonsai","21_159",2021-06-08,11,50.8210077588889,-115.2141436425,4,0.8,36.5
"Bonsai","21_159",2021-06-08,12,50.8209499230556,-115.214153076667,7,0.79,36.5
"Bonsai","21_159",2021-06-08,13,50.8209242477778,-115.214155743333,10,0.99,36.5
"Bonsai","21_159",2021-06-08,16,50.8209254552778,-115.2141549225,12,1.22,36.5
"Powerline","21_159",2021-06-08,20,50.8260171130556,-115.197889217778,10,0.31,36.5
"Powerline","21_159",2021-06-08,21,50.8260406313889,-115.197813355556,13,0.5,36.5
"Powerline","21_159",2021-06-08,23,50.8260786575,-115.197697354722,18,0.59,36.5
"Powerline","21_159",2021-06-08,24,50.8260563808333,-115.197744973333,16,0.44,36.5
"Fortress Ridge South","21_176",2021-06-25,1,50.8316220255556,-115.219890276667,1,0.53,36.5
"Fortress Ridge South","21_176",2021-06-25,2,50.8316428122222,-115.219943748056,2,0.83,36.5
"Fortress Ridge South","21_176",2021-06-25,3,50.8316596825,-115.220007190833,3,1,36.5
"Fortress Ridge South","21_176",2021-06-25,4,50.8316799236111,-115.220068519444,4,0.97,36.5
"Fortress Ridge South","21_176",2021-06-25,5,50.8317176722222,-115.220152853889,5,0.89,36.5
"Fortress Ridge South","21_176",2021-06-25,6,50.8317347533333,-115.220252378333,6,1.1,36.5
"Powerline","22_047",2022-02-16,2,50.8259637605556,-115.198182574167,1,1.45,114
"Powerline","22_047",2022-02-16,3,50.8259565436111,-115.198139662222,2,0.98,114
"Powerline","22_047",2022-02-16,5,50.825961175,-115.198104910278,3,1.19,114
"Powerline","22_047",2022-02-16,6,50.8259685152778,-115.198075832222,4,1.16,114
"Powerline","22_047",2022-02-16,7,50.8259800752778,-115.198039533611,5,0.77,114
"Powerline","22_047",2022-02-16,8,50.8259884366667,-115.198002639444,6,1.16,114
"Powerline","22_047",2022-02-16,9,50.82599516,-115.197970419722,7,1.2,114
"Powerline","22_047",2022-02-16,10,50.8260058833333,-115.197931932778,8,0.99,114
"Powerline","22_047",2022-02-16,11,50.8260241986111,-115.197903374167,9,1.1,114
"Powerline","22_047",2022-02-16,12,50.8260392563889,-115.197876219722,10,1.15,114
"Powerline","22_047",2022-02-16,13,50.8260492077778,-115.197843082222,11,1.4,114
"Powerline","22_047",2022-02-16,14,50.8260512763889,-115.197811528889,12,1.35,114
"Powerline","22_047",2022-02-16,15,50.8260582483333,-115.197768176111,13,1.32,114
"Powerline","22_047",2022-02-16,16,50.8260766841667,-115.197733639167,14,1.23,114
"Fortress Ridge South","22_047",2022-02-16,45,50.8383445797222,-115.215812331667,1,2.15,160
"Fortress Ridge South","22_047",2022-02-16,46,50.8383408522222,-115.215780746944,2,2.14,160
"Fortress Ridge South","22_047",2022-02-16,47,50.8383149991667,-115.215800511944,3,2.15,160
"Fortress Ridge South","22_047",2022-02-16,48,50.8382932580556,-115.215801298333,4,1.82,160
"Fortress Ridge South","22_047",2022-02-16,49,50.8382789661111,-115.215827975,5,1.78,160
"Fortress Ridge South","22_047",2022-02-16,50,50.8382399725,-115.215851441111,6,2.06,160
"Fortress Ridge South","22_047",2022-02-16,51,50.8382077216667,-115.215848499444,7,1.75,160
"Fortress Ridge South","22_047",2022-02-16,52,50.8381742866667,-115.2158611825,8,2,160
"Fortress Ridge South","22_047",2022-02-16,53,50.8381253880556,-115.215864896944,9,1.65,160
"Fortress Ridge","22_047",2022-02-16,56,50.8364529238889,-115.220523753333,1,0.03,NA
"Fortress Ridge","22_047",2022-02-16,57,50.8364387347222,-115.220558987222,2,0.04,NA
"Fortress Ridge","22_047",2022-02-16,58,50.836424275,-115.220597589722,3,0.05,NA
"Fortress Ridge","22_047",2022-02-16,59,50.8364075744444,-115.220635145833,4,0.08,NA
"Fortress Ridge","22_047",2022-02-16,60,50.8363937133333,-115.220673066944,5,0.04,NA
"Fortress Ridge","22_047",2022-02-16,61,50.8363797952778,-115.220707011667,6,0.07,NA
"Fortress Ridge","22_047",2022-02-16,62,50.8363677938889,-115.2207463025,7,0.06,NA
"Fortress Ridge","22_047",2022-02-16,63,50.8363541805556,-115.220786186667,8,0.05,NA
"Fortress Ridge","22_047",2022-02-16,64,50.8363414755556,-115.220823273889,9,0.03,NA
"Fortress Ridge","22_047",2022-02-16,65,50.8363296375,-115.2208552425,10,0.02,NA
"Fortress Ridge","22_047",2022-02-16,66,50.8363181783333,-115.220892106389,11,0.05,NA
"Fortress Ridge","22_047",2022-02-16,67,50.836305345,-115.220929881667,12,0.04,NA
"Fortress Ridge","22_047",2022-02-16,69,50.8362828744444,-115.221004035278,14,0.03,NA
"Fortress Ridge","22_047",2022-02-16,70,50.8362727511111,-115.221037705833,15,0.03,NA
"Fortress Ridge","22_047",2022-02-16,71,50.8362608591667,-115.2210728475,16,0.05,NA
"Fortress Ridge","22_047",2022-02-16,72,50.8362455791667,-115.221108736944,17,0.04,NA
"Fortress Ridge","22_047",2022-02-16,73,50.8362333508333,-115.221143984722,18,0.05,NA
"Fortress Ridge","22_047",2022-02-16,74,50.8362240647222,-115.221180266111,19,0.06,NA
"Fortress Ridge","22_047",2022-02-16,75,50.8362122727778,-115.221216680833,20,0.04,NA
"Bonsai","22_047",2022-02-16,78,50.8210916811111,-115.214084792778,1,1.78,114
"Bonsai","22_047",2022-02-16,79,50.8210775225,-115.214079112222,2,1.83,114
"Bonsai","22_047",2022-02-16,80,50.8210478547222,-115.214051059722,3,1.8,114
"Bonsai","22_047",2022-02-16,81,50.8210530872222,-115.214088608333,4,1.76,114
"Bonsai","22_047",2022-02-16,82,50.8210444980556,-115.214119894722,5,1.83,114
"Bonsai","22_047",2022-02-16,83,50.8210273161111,-115.214157817222,6,1.73,114
"Bonsai","22_047",2022-02-16,84,50.8210042041667,-115.214157510556,7,1.75,114
"Bonsai","22_047",2022-02-16,85,50.8209839572222,-115.214157363611,8,1.95,114
"Bonsai","22_047",2022-02-16,86,50.8209543216667,-115.214152285,9,1.79,114
"Bonsai","22_047",2022-02-16,87,50.82092818,-115.214154952778,10,1.82,114
"Bonsai","22_047",2022-02-16,88,50.8209084344444,-115.214152489722,11,1.74,114
"Fortress Ridge South","22_068",2022-03-09,1,50.8383435030556,-115.215804150278,1,2.9,162
"Fortress Ridge South","22_068",2022-03-09,2,50.8383229902778,-115.215808521667,2,2.95,162
"Fortress Ridge South","22_068",2022-03-09,3,50.8383001963889,-115.215817774722,3,2.42,162
"Fortress Ridge South","22_068",2022-03-09,4,50.8382807725,-115.2158286325,4,1.84,162
"Fortress Ridge South","22_068",2022-03-09,5,50.8382625611111,-115.215839466667,5,2.35,162
"Fortress Ridge South","22_068",2022-03-09,6,50.8382376147222,-115.215848491944,6,1.77,162
"Fortress Ridge South","22_068",2022-03-09,7,50.8382114805556,-115.215870568056,7,2.15,162
"Fortress Ridge South","22_068",2022-03-09,8,50.838177975,-115.215892521667,8,2.52,162
"Fortress Ridge","22_068",2022-03-09,11,50.8365037794444,-115.220296375556,1,0.61,68
"Fortress Ridge","22_068",2022-03-09,12,50.8365015516667,-115.220327584722,2,0.35,68
"Fortress Ridge","22_068",2022-03-09,13,50.8365029602778,-115.220372513056,3,0.22,68
"Fortress Ridge","22_068",2022-03-09,14,50.8364992416667,-115.220407573611,4,0.23,68
"Fortress Ridge","22_068",2022-03-09,15,50.8364929636111,-115.220453329167,5,0.14,68
"Fortress Ridge","22_068",2022-03-09,16,50.8364857880556,-115.220500515556,6,0.23,68
"Fortress Ridge","22_068",2022-03-09,17,50.8364718244444,-115.220538500833,7,0.11,68
"Fortress Ridge","22_068",2022-03-09,18,50.8364575844444,-115.220570114167,8,0.2,68
"Fortress Ridge","22_068",2022-03-09,19,50.836437425,-115.2205992075,9,0.17,68
"Fortress Ridge","22_068",2022-03-09,20,50.8364190577778,-115.220627061389,10,0.24,68
"Fortress Ridge","22_068",2022-03-09,21,50.8363998994444,-115.220657263056,11,0.18,68
"Fortress Ridge","22_068",2022-03-09,22,50.8363809691667,-115.220680785556,12,0.15,68
"Fortress Ridge","22_068",2022-03-09,23,50.8363625933333,-115.220706880278,13,0.23,68
"Fortress Ridge","22_068",2022-03-09,24,50.8363444277778,-115.220728128333,14,0.18,68
"Fortress Ridge","22_068",2022-03-09,25,50.8363244836111,-115.220747795833,15,0.19,68
"Fortress Ridge","22_068",2022-03-09,26,50.8363028197222,-115.220774969167,16,0.2,68
"Fortress Ridge","22_068",2022-03-09,27,50.8362834997222,-115.220803955278,17,0.18,68
"Fortress Ridge","22_068",2022-03-09,28,50.8362618522222,-115.220832844167,18,0.23,68
"Fortress Ridge","22_068",2022-03-09,29,50.8362445188889,-115.220863145833,19,0.18,68
"Fortress Ridge","22_068",2022-03-09,30,50.8362304822222,-115.220893783333,20,0.28,68
"Bonsai","22_068",2022-03-09,31,50.8210929075,-115.214076494444,1,2.12,114
"Bonsai","22_068",2022-03-09,32,50.8210791205556,-115.214075849722,2,2.11,114
"Bonsai","22_068",2022-03-09,33,50.8210595419445,-115.214074274722,3,2.16,114
"Bonsai","22_068",2022-03-09,34,50.8210421102778,-115.214072200833,4,2.13,114
"Bonsai","22_068",2022-03-09,35,50.8210396308333,-115.214100559167,5,2.12,114
"Bonsai","22_068",2022-03-09,36,50.8210380480556,-115.214129812778,6,2.13,114
"Bonsai","22_068",2022-03-09,37,50.8210332980556,-115.214156695278,7,2.05,114
"Bonsai","22_068",2022-03-09,38,50.8210096561111,-115.214159081111,8,2.08,114
"Bonsai","22_068",2022-03-09,39,50.8209904416667,-115.214157715556,9,2.15,114
"Bonsai","22_068",2022-03-09,40,50.8209718283333,-115.214157929722,10,2.14,114
"Bonsai","22_068",2022-03-09,41,50.8209518372222,-115.214159694444,11,2.15,114
"Bonsai","22_068",2022-03-09,42,50.8209316388889,-115.214159471389,12,2.11,114
"Bonsai","22_068",2022-03-09,43,50.8209114497222,-115.214155268056,13,2.09,114
"Canadian Ridge","22_068",2022-03-09,46,50.8215097069444,-115.206282582222,1,0.51,114
"Canadian Ridge","22_068",2022-03-09,47,50.8215207394444,-115.206309926111,2,0.55,114
"Canadian Ridge","22_068",2022-03-09,48,50.8215315969444,-115.206346647222,3,1.3,114
"Canadian Ridge","22_068",2022-03-09,49,50.8215436502778,-115.206382848333,4,1.6,114
"Canadian Ridge","22_068",2022-03-09,50,50.8215520408333,-115.206413958056,5,1.75,114
"Canadian Ridge","22_068",2022-03-09,51,50.8215633502778,-115.206450118056,6,1.9,114
"Canadian Ridge","22_068",2022-03-09,52,50.8215727091667,-115.2064815725,7,1.85,114
"Canadian Ridge","22_068",2022-03-09,53,50.8215834636111,-115.206514752222,8,1.7,114
"Canadian Ridge","22_068",2022-03-09,54,50.8215973161111,-115.206552685,9,1.5,114
"Canadian Ridge","22_068",2022-03-09,55,50.8216076072222,-115.206583823611,10,1.35,114
"Canadian Ridge","22_068",2022-03-09,56,50.8216168486111,-115.206617513056,11,1.24,114
"Canadian Ridge","22_068",2022-03-09,57,50.8216249247222,-115.206646114167,12,1.2,114
"Canadian Ridge","22_068",2022-03-09,58,50.8216320577778,-115.206679490278,13,1.2,114
"Canadian Ridge","22_068",2022-03-09,59,50.8216431311111,-115.206714051111,14,1.22,114
"Canadian Ridge","22_068",2022-03-09,60,50.8216560752778,-115.206745432222,15,1.14,114
"Canadian Ridge","22_068",2022-03-09,61,50.8216644452778,-115.206771893889,16,1.22,114
"Canadian Ridge","22_068",2022-03-09,62,50.8216733041667,-115.206802879167,17,1.19,114
"Canadian Ridge","22_068",2022-03-09,63,50.8216842094444,-115.206838208889,18,1.33,114
"Powerline","22_068",2022-03-09,64,50.8259628194444,-115.198192656111,1,1.82,114
"Powerline","22_068",2022-03-09,65,50.8259579238889,-115.198153255278,2,1.18,114
"Powerline","22_068",2022-03-09,67,50.8259677766667,-115.198081898333,4,1.45,114
"Powerline","22_068",2022-03-09,68,50.8259819030556,-115.198040458611,5,0.97,114
"Powerline","22_068",2022-03-09,69,50.8259933030556,-115.198005379722,6,1.3,114
"Powerline","22_068",2022-03-09,70,50.8259949286111,-115.197979649167,7,1.41,114
"Powerline","22_068",2022-03-09,71,50.8260070741667,-115.197946514444,8,1.32,114
"Powerline","22_068",2022-03-09,72,50.8260179588889,-115.197921261111,9,1.54,114
"Powerline","22_068",2022-03-09,73,50.826034005,-115.197900489444,10,1.46,114
"Powerline","22_068",2022-03-09,74,50.8260465955556,-115.197865948333,11,1.4,114
"Powerline","22_068",2022-03-09,75,50.8260510341667,-115.197834895,12,1.68,114
"Powerline","22_068",2022-03-09,76,50.8260564191667,-115.197802257778,13,1.5,114
"Powerline","22_068",2022-03-09,77,50.8260615280556,-115.197766009722,14,1.55,114
"Powerline","22_068",2022-03-09,78,50.8260779319444,-115.1977324125,15,1.64,114
"Powerline","22_068",2022-03-09,79,50.8260885377778,-115.197705837778,16,1.75,114
"Powerline","22_081",2022-03-22,92,50.8259629638889,-115.198187428611,1,1.72,172
"Powerline","22_081",2022-03-22,94,50.8259634694444,-115.198090118611,3,1.5,172
"Powerline","22_081",2022-03-22,102,50.8260379641667,-115.197784319167,11,1.63,172
"Powerline","22_081",2022-03-22,103,50.8260522638889,-115.197749613333,12,1.59,172
"Powerline","22_081",2022-03-22,104,50.8260808747222,-115.197715272222,13,1.65,172
"Bonsai","22_081",2022-03-22,105,50.8210951941667,-115.214083779722,1,2.05,116
"Bonsai","22_081",2022-03-22,105,50.8210951941667,-115.214083779722,1,2.05,116
"Bonsai","22_081",2022-03-22,106,50.8210759572222,-115.214075450278,2,2.13,116
"Bonsai","22_081",2022-03-22,106,50.8210759572222,-115.214075450278,2,2.13,116
"Bonsai","22_081",2022-03-22,107,50.8210560075,-115.214072069722,3,2.14,116
"Bonsai","22_081",2022-03-22,107,50.8210560075,-115.214072069722,3,2.14,116
"Bonsai","22_081",2022-03-22,108,50.8210424566667,-115.214080978333,4,2.04,116
"Bonsai","22_081",2022-03-22,108,50.8210424566667,-115.214080978333,4,2.04,116
"Bonsai","22_081",2022-03-22,109,50.8210396858333,-115.214111691111,5,2.08,116
"Bonsai","22_081",2022-03-22,109,50.8210396858333,-115.214111691111,5,2.08,116
"Bonsai","22_081",2022-03-22,110,50.8210366108333,-115.2141477975,6,2.1,116
"Bonsai","22_081",2022-03-22,110,50.8210366108333,-115.2141477975,6,2.1,116
"Bonsai","22_081",2022-03-22,111,50.8210087266667,-115.214157696389,7,2.07,116
"Bonsai","22_081",2022-03-22,111,50.8210087266667,-115.214157696389,7,2.07,116
"Bonsai","22_081",2022-03-22,112,50.8209863980556,-115.214151523333,8,2.09,116
"Bonsai","22_081",2022-03-22,112,50.8209863980556,-115.214151523333,8,2.09,116
"Bonsai","22_081",2022-03-22,113,50.8209592155556,-115.214146533611,9,2.22,116
"Bonsai","22_081",2022-03-22,113,50.8209592155556,-115.214146533611,9,2.22,116
"Bonsai","22_081",2022-03-22,114,50.8209342775,-115.214144634167,10,2.14,116
"Bonsai","22_081",2022-03-22,114,50.8209342775,-115.214144634167,10,2.14,116
"Bonsai","22_081",2022-03-22,115,50.8209127583333,-115.214145765556,11,2.18,116
"Bonsai","22_081",2022-03-22,115,50.8209127583333,-115.214145765556,11,2.18,116
"Bonsai","22_081",2022-03-22,116,50.8209479244444,-115.214095515278,12,2.09,116
"Bonsai","22_081",2022-03-22,116,50.8209479244444,-115.214095515278,12,2.09,116
"Bonsai","22_081",2022-03-22,117,50.8209481027778,-115.214088259722,13,2.12,116
"Bonsai","22_081",2022-03-22,117,50.8209481027778,-115.214088259722,13,2.12,116
"Fortress Ridge South","22_096",2022-04-06,97,50.8383378369444,-115.215804377222,1,1.56,163
"Fortress Ridge South","22_096",2022-04-06,98,50.8383052975,-115.21581887,2,2.29,163
"Fortress Ridge South","22_096",2022-04-06,99,50.8382721486111,-115.215835156389,3,2.42,163
"Fortress Ridge South","22_096",2022-04-06,100,50.8382387961111,-115.215851413611,4,2.55,163
"Fortress Ridge South","22_096",2022-04-06,101,50.8382004275,-115.215874124722,5,0.9,163
"Fortress Ridge South","22_096",2022-04-06,102,50.8381647397222,-115.215866855278,6,2.72,163
"Fortress Ridge South","22_096",2022-04-06,105,50.8381310838889,-115.215862016944,7,1.93,163
"Fortress Ridge","22_096",2022-04-06,106,50.8364438788889,-115.2205515175,1,0.03,NA
"Fortress Ridge","22_096",2022-04-06,107,50.8364252225,-115.220605851667,2,0,NA
"Fortress Ridge","22_096",2022-04-06,108,50.8364058061111,-115.2206576525,3,0.01,NA
"Fortress Ridge","22_096",2022-04-06,109,50.8363877569444,-115.2207063725,4,0,NA
"Fortress Ridge","22_096",2022-04-06,110,50.8363653444444,-115.220763102778,5,0,NA
"Fortress Ridge","22_096",2022-04-06,111,50.8363500047222,-115.220817350556,6,0,NA
"Fortress Ridge","22_096",2022-04-06,112,50.8363299616667,-115.220870358889,7,0,NA
"Fortress Ridge","22_096",2022-04-06,113,50.8363109377778,-115.220921426944,8,0.01,NA
"Fortress Ridge","22_096",2022-04-06,114,50.8362920494444,-115.220971474722,9,0.01,NA
"Fortress Ridge","22_096",2022-04-06,115,50.8362731044444,-115.221020644722,10,0,NA
"Fortress Ridge","22_096",2022-04-06,116,50.8362529875,-115.221066713889,11,0,NA
"Fortress Ridge","22_096",2022-04-06,117,50.83623178,-115.221117345833,12,0.01,NA
"Fortress Ridge","22_096",2022-04-06,118,50.8362106575,-115.2211629825,13,0,NA
"Fortress Ridge","22_096",2022-04-06,119,50.8361856291667,-115.221211800278,14,0,NA
"Fortress Ridge","22_096",2022-04-06,120,50.8361652455556,-115.221256989722,15,0,NA
"Fortress Ridge","22_096",2022-04-06,121,50.8361457430556,-115.221301682778,16,0,NA
"Fortress Ridge","22_096",2022-04-06,122,50.8361251730556,-115.221349705278,17,0,NA
"Fortress Ridge","22_096",2022-04-06,123,50.83610473,-115.221399928889,18,0,NA
"Fortress Ridge","22_096",2022-04-06,124,50.8360883952778,-115.221453823333,19,0.02,NA
"Fortress Ridge","22_096",2022-04-06,125,50.8360769411111,-115.221507450278,20,0,NA
"Bonsai","22_096",2022-04-06,128,50.8210953469444,-115.214079174167,1,2.18,163
"Bonsai","22_096",2022-04-06,129,50.8210672441667,-115.214076801944,2,1.93,163
"Bonsai","22_096",2022-04-06,130,50.8210443455556,-115.214070259444,3,2.24,163
"Bonsai","22_096",2022-04-06,131,50.821038435,-115.214108270833,4,2.23,163
"Bonsai","22_096",2022-04-06,132,50.8210343197222,-115.214154649444,5,2.15,163
"Bonsai","22_096",2022-04-06,133,50.8210072686111,-115.214155159444,6,2.23,163
"Bonsai","22_096",2022-04-06,134,50.8209769797222,-115.214145793611,7,2.22,163
"Bonsai","22_096",2022-04-06,135,50.8209431544444,-115.214143298333,8,2.26,163
"Bonsai","22_096",2022-04-06,136,50.8209069283333,-115.2141424275,9,2.26,163
"Bonsai","22_096",2022-04-06,137,50.8208707752778,-115.214143386111,10,1.94,163
"Canadian Ridge","22_096",2022-04-06,138,50.8215316769444,-115.20631045,1,0.6,164
"Canadian Ridge","22_096",2022-04-06,139,50.8215424505556,-115.206354492222,2,0.92,164
"Canadian Ridge","22_096",2022-04-06,140,50.8215518877778,-115.2063937025,3,1.35,164
"Canadian Ridge","22_096",2022-04-06,141,50.8215655725,-115.206430234444,4,1.59,164
"Canadian Ridge","22_096",2022-04-06,142,50.8215775644444,-115.206480918611,5,1.64,164
"Canadian Ridge","22_096",2022-04-06,143,50.8215906044444,-115.206517940278,6,1.55,164
"Canadian Ridge","22_096",2022-04-06,144,50.8216058641667,-115.2065699075,7,1.24,164
"Canadian Ridge","22_096",2022-04-06,145,50.8216215488889,-115.206607950556,8,1.12,164
"Canadian Ridge","22_096",2022-04-06,146,50.8216301866667,-115.206648495278,9,1.09,164
"Canadian Ridge","22_096",2022-04-06,147,50.8216420288889,-115.206695527778,10,0.75,164
"Canadian Ridge","22_096",2022-04-06,148,50.8216525594444,-115.206725806389,11,1.2,164
"Canadian Ridge","22_096",2022-04-06,149,50.8216628225,-115.206763173611,12,1.26,164
"Canadian Ridge","22_096",2022-04-06,150,50.8216868677778,-115.206817496389,13,1.08,164
"Fortress Ridge South","22_110",2022-04-20,95,50.8383473716667,-115.2157913975,1,2.27,165
"Fortress Ridge South","22_110",2022-04-20,96,50.8383257808333,-115.215804816944,2,2.62,165
"Fortress Ridge South","22_110",2022-04-20,97,50.83830057,-115.215820503889,3,2.4,165
"Fortress Ridge South","22_110",2022-04-20,98,50.8382864344444,-115.21584899,4,1.85,165
"Fortress Ridge South","22_110",2022-04-20,99,50.8382511755556,-115.215858394444,5,2.8,165
"Fortress Ridge South","22_110",2022-04-20,100,50.8382208161111,-115.215870415278,6,2.65,165
"Fortress Ridge South","22_110",2022-04-20,101,50.8381922683333,-115.215877198333,7,2.55,165
"Fortress Ridge South","22_110",2022-04-20,102,50.8381621283333,-115.215871979167,8,2.6,165
"Fortress Ridge South","22_110",2022-04-20,103,50.8381381197222,-115.215866354722,9,2.36,165
"Fortress Ridge","22_110",2022-04-20,106,50.8364455405556,-115.2205650625,1,0.07,NA
"Fortress Ridge","22_110",2022-04-20,107,50.8364344166667,-115.220616337222,2,0.03,NA
"Fortress Ridge","22_110",2022-04-20,108,50.8364220469444,-115.220666139722,3,0,NA
"Fortress Ridge","22_110",2022-04-20,109,50.8364078063889,-115.220719289444,4,0,NA
"Fortress Ridge","22_110",2022-04-20,110,50.8363972180556,-115.220771090833,5,0.02,NA
"Fortress Ridge","22_110",2022-04-20,111,50.8363828302778,-115.220822544167,6,0.01,NA
"Fortress Ridge","22_110",2022-04-20,112,50.8363665911111,-115.220871950278,7,0.09,NA
"Fortress Ridge","22_110",2022-04-20,113,50.836354195,-115.22092581,8,0.02,NA
"Fortress Ridge","22_110",2022-04-20,114,50.8363419794444,-115.220976256944,9,0.01,NA
"Fortress Ridge","22_110",2022-04-20,115,50.8363265686111,-115.221029156667,10,0.03,NA
"Fortress Ridge","22_110",2022-04-20,116,50.8363127530556,-115.221087563889,11,0,NA
"Fortress Ridge","22_110",2022-04-20,117,50.8362943636111,-115.221152209722,12,0,NA
"Fortress Ridge","22_110",2022-04-20,118,50.8362758661111,-115.221206013889,13,0.03,NA
"Fortress Ridge","22_110",2022-04-20,119,50.8362465541667,-115.221279540833,14,0.02,NA
"Fortress Ridge","22_110",2022-04-20,120,50.8362224330556,-115.221334514167,15,0,NA
"Fortress Ridge","22_110",2022-04-20,121,50.8362082375,-115.221380643333,16,0.05,NA
"Fortress Ridge","22_110",2022-04-20,122,50.8361950472222,-115.221438431389,17,0.03,NA
"Fortress Ridge","22_110",2022-04-20,123,50.8361829925,-115.221489685278,18,0.02,NA
"Fortress Ridge","22_110",2022-04-20,124,50.8361711313889,-115.221546986389,19,0.08,NA
"Fortress Ridge","22_110",2022-04-20,125,50.8361675825,-115.221601508611,20,0.03,NA
"Bonsai","22_110",2022-04-20,126,50.8210936463889,-115.214083461667,1,2.35,165
"Bonsai","22_110",2022-04-20,127,50.8210711730556,-115.214074848056,2,2.5,165
"Bonsai","22_110",2022-04-20,128,50.821046015,-115.214069780833,3,2.46,165
"Bonsai","22_110",2022-04-20,129,50.8210386841667,-115.214102843333,4,2.32,165
"Bonsai","22_110",2022-04-20,130,50.8210350697222,-115.214138681111,5,2.33,165
"Bonsai","22_110",2022-04-20,131,50.8210135591667,-115.214155561944,6,2.5,165
"Bonsai","22_110",2022-04-20,132,50.8209837997222,-115.214142849722,7,2.37,165
"Bonsai","22_110",2022-04-20,133,50.8209541661111,-115.214141298889,8,2.35,165
"Bonsai","22_110",2022-04-20,134,50.8209326183333,-115.214140586111,9,2.35,165
"Bonsai","22_110",2022-04-20,135,50.8209090241667,-115.214140437778,10,2.39,165
"Bonsai","22_110",2022-04-20,136,50.8208885408333,-115.214140629444,11,1.61,165
"Canadian Ridge","22_110",2022-04-20,139,50.8215358641667,-115.206276118056,1,0.76,164
"Canadian Ridge","22_110",2022-04-20,140,50.8215429847222,-115.206309413056,2,1.17,164
"Canadian Ridge","22_110",2022-04-20,141,50.8215516361111,-115.206346545,3,1.39,164
"Canadian Ridge","22_110",2022-04-20,142,50.8215586819444,-115.206378413333,4,1.64,164
"Canadian Ridge","22_110",2022-04-20,143,50.8215723922222,-115.206422022778,5,1.37,164
"Canadian Ridge","22_110",2022-04-20,144,50.82158501,-115.206466287778,6,1.64,164
"Canadian Ridge","22_110",2022-04-20,145,50.8215969883333,-115.206511613611,7,1.72,164
"Canadian Ridge","22_110",2022-04-20,146,50.8216066947222,-115.206554783333,8,1.53,164
"Canadian Ridge","22_110",2022-04-20,147,50.8216179052778,-115.206596335833,9,1.34,164
"Canadian Ridge","22_110",2022-04-20,148,50.8216285791667,-115.206636746944,10,1.31,164
"Canadian Ridge","22_110",2022-04-20,149,50.8216369613889,-115.206677358889,11,1.25,164
"Canadian Ridge","22_110",2022-04-20,150,50.8216493425,-115.206716233611,12,1.35,164
"Canadian Ridge","22_110",2022-04-20,151,50.8216641344444,-115.206750860833,13,1.29,164
"Canadian Ridge","22_110",2022-04-20,152,50.8216750241667,-115.206777895833,14,1.29,164
"Canadian Ridge","22_110",2022-04-20,153,50.8216870036111,-115.206810002222,15,1.18,164
"Canadian Ridge","22_110",2022-04-20,154,50.8216999633333,-115.20684257,16,1.17,164
"Bonsai","22_118",2022-04-28,92,50.8210972736111,-115.214081792778,1,2.09,115
"Bonsai","22_118",2022-04-28,93,50.8210700602778,-115.214076356667,2,2.24,115
"Bonsai","22_118",2022-04-28,94,50.8210442527778,-115.214069105278,3,2.28,115
"Bonsai","22_118",2022-04-28,95,50.8210399480556,-115.214101443056,4,2.2,115
"Bonsai","22_118",2022-04-28,96,50.8210383355556,-115.214133542222,5,2.27,115
"Bonsai","22_118",2022-04-28,97,50.8210323691667,-115.214156824444,6,2.07,115
"Bonsai","22_118",2022-04-28,98,50.8210068855556,-115.214153300833,7,2.2,115
"Bonsai","22_118",2022-04-28,99,50.8209849136111,-115.214145092778,8,2.31,115
"Bonsai","22_118",2022-04-28,100,50.8209547616667,-115.214142014722,9,2.19,115
"Bonsai","22_118",2022-04-28,101,50.8209343658333,-115.214141066944,10,2.25,115
"Bonsai","22_118",2022-04-28,102,50.8209076127778,-115.214140795556,11,2.24,115
"Bonsai","22_118",2022-04-28,103,50.8208834772222,-115.214136564167,12,2.2,115
"Canadian Ridge","22_118",2022-04-28,104,50.8215419902778,-115.206287371111,1,0.82,115
"Canadian Ridge","22_118",2022-04-28,105,50.8215516741667,-115.206334422222,2,1.38,115
"Canadian Ridge","22_118",2022-04-28,106,50.8215611730556,-115.206386733889,3,1.72,115
"Canadian Ridge","22_118",2022-04-28,107,50.8215741225,-115.206429085,4,1.75,115
"Canadian Ridge","22_118",2022-04-28,108,50.8215850986111,-115.206464775833,5,1.73,115
"Canadian Ridge","22_118",2022-04-28,109,50.8215973958333,-115.206507477778,6,1.7,115
"Canadian Ridge","22_118",2022-04-28,110,50.8216080811111,-115.206543533611,7,1.43,115
"Canadian Ridge","22_118",2022-04-28,111,50.8216150077778,-115.206580470556,8,1.31,115
"Canadian Ridge","22_118",2022-04-28,112,50.8216235241667,-115.206617171667,9,1.23,115
"Canadian Ridge","22_118",2022-04-28,113,50.8216320255556,-115.206659728889,10,1.15,115
"Canadian Ridge","22_118",2022-04-28,114,50.8216383891667,-115.206690197222,11,1.18,115
"Canadian Ridge","22_118",2022-04-28,115,50.8216514252778,-115.206720715833,12,1.31,115
"Canadian Ridge","22_118",2022-04-28,116,50.8216644966667,-115.206753623611,13,1.19,115
"Canadian Ridge","22_118",2022-04-28,117,50.8216778238889,-115.206786705,14,1.2,115
"Canadian Ridge","22_118",2022-04-28,118,50.8216929202778,-115.206826828611,15,1.14,115
"Powerline","22_118",2022-04-28,119,50.8259557577778,-115.198147623333,1,1.18,115
"Powerline","22_118",2022-04-28,120,50.8259576416667,-115.198102601389,2,1.58,115
"Powerline","22_118",2022-04-28,121,50.8259673247222,-115.198075431944,3,1.58,115
"Powerline","22_118",2022-04-28,122,50.8259841813889,-115.198039376944,4,0.97,115
"Powerline","22_118",2022-04-28,123,50.8259954202778,-115.198003403611,5,1.55,115
"Powerline","22_118",2022-04-28,124,50.825994495,-115.197962795556,6,1.39,115
"Powerline","22_118",2022-04-28,126,50.8260116827778,-115.197930874722,7,1.41,115
"Powerline","22_118",2022-04-28,127,50.8260301163889,-115.197902575,8,1.69,115
"Powerline","22_118",2022-04-28,128,50.8260474461111,-115.197841380556,9,1.79,115
"Powerline","22_118",2022-04-28,129,50.8260553172222,-115.197795099444,10,1.79,115
"Powerline","22_118",2022-04-28,130,50.8260608686111,-115.197754633056,11,1.62,115
"Powerline","22_118",2022-04-28,131,50.8260859319444,-115.197727487222,12,1.77,115
"Powerline","22_118",2022-04-28,132,50.8261005438889,-115.197702754167,13,1.81,115
"Fortress Ridge South","22_123",2022-05-03,7,50.8382153783333,-115.215871286667,7,2.52,163
"Fortress Ridge South","22_123",2022-05-03,8,50.8382408311111,-115.215865533056,6,2.63,163
"Fortress Ridge South","22_123",2022-05-03,9,50.8382982141667,-115.215821623056,4,2.19,163
"Fortress Ridge South","22_123",2022-05-03,10,50.8383220008333,-115.215804498889,3,2.58,163
"Fortress Ridge","22_123",2022-05-03,13,50.8364630752778,-115.220542537222,1,0,NA
"Fortress Ridge","22_123",2022-05-03,14,50.836444085,-115.220601308333,2,0,NA
"Fortress Ridge","22_123",2022-05-03,15,50.8364227636111,-115.220658771389,3,0,NA
"Fortress Ridge","22_123",2022-05-03,16,50.8364014088889,-115.220710976389,4,0,NA
"Fortress Ridge","22_123",2022-05-03,17,50.8363809638889,-115.220758017778,5,0,NA
"Fortress Ridge","22_123",2022-05-03,18,50.8363566941667,-115.220811079444,6,0,NA
"Fortress Ridge","22_123",2022-05-03,19,50.8363334738889,-115.220864445,7,0,NA
"Fortress Ridge","22_123",2022-05-03,20,50.8363106080556,-115.220913403056,8,0,NA
"Fortress Ridge","22_123",2022-05-03,21,50.8362875980556,-115.220961729722,9,0,NA
"Fortress Ridge","22_123",2022-05-03,22,50.8362636033333,-115.221007386111,10,0,NA
"Fortress Ridge","22_123",2022-05-03,23,50.8362394058333,-115.221055645556,11,0,NA
"Fortress Ridge","22_123",2022-05-03,24,50.8362157947222,-115.221104343889,12,0,NA
"Fortress Ridge","22_123",2022-05-03,25,50.8361911744444,-115.221153692222,13,0,NA
"Fortress Ridge","22_123",2022-05-03,26,50.8361673897222,-115.221206721944,14,0,NA
"Fortress Ridge","22_123",2022-05-03,27,50.8361452144444,-115.221253938611,15,0,NA
"Fortress Ridge","22_123",2022-05-03,28,50.8361222452778,-115.221306638056,16,0,NA
"Fortress Ridge","22_123",2022-05-03,29,50.8360979555556,-115.221359183333,17,0,NA
"Fortress Ridge","22_123",2022-05-03,30,50.8360750872222,-115.221412471111,18,0,NA
"Fortress Ridge","22_123",2022-05-03,31,50.8360565925,-115.221468116111,19,0,NA
"Fortress Ridge","22_123",2022-05-03,32,50.8360344413889,-115.2215202,20,0,NA
"Fortress Ridge","22_123",2022-05-03,33,50.8360549369444,-115.221557327778,21,0,NA
"Fortress Ridge","22_123",2022-05-03,34,50.83616336,-115.221411064722,22,0,NA
"Bonsai","22_123",2022-05-03,37,50.8211006308333,-115.214078611667,1,1.98,165
"Bonsai","22_123",2022-05-03,38,50.8210716311111,-115.214075373333,2,2.17,165
"Bonsai","22_123",2022-05-03,39,50.8210534902778,-115.214071934722,3,1.77,165
"Bonsai","22_123",2022-05-03,40,50.8210414447222,-115.214081571111,4,1.95,165
"Bonsai","22_123",2022-05-03,41,50.8210378530556,-115.214130171944,5,1.84,165
"Bonsai","22_123",2022-05-03,42,50.8210261091667,-115.214154825278,6,1.68,165
"Bonsai","22_123",2022-05-03,43,50.8210007705556,-115.214150994444,7,2.01,165
"Bonsai","22_123",2022-05-03,44,50.8209691163889,-115.214142988056,8,1.87,165
"Bonsai","22_123",2022-05-03,45,50.8209437213889,-115.214141097222,9,1.87,165
"Bonsai","22_123",2022-05-03,46,50.8209168844445,-115.214141496111,10,2.13,165
"Bonsai","22_123",2022-05-03,47,50.8209000280556,-115.214139651667,11,1.54,165
"Bonsai","22_123",2022-05-03,48,50.8208729586111,-115.214139252222,12,1.86,165
"Canadian Ridge","22_123",2022-05-03,51,50.8215448191667,-115.206280801389,1,0.8,164
"Canadian Ridge","22_123",2022-05-03,52,50.8215505677778,-115.206332438333,2,1.32,164
"Canadian Ridge","22_123",2022-05-03,53,50.8215619305556,-115.206376475,3,1.64,164
"Canadian Ridge","22_123",2022-05-03,54,50.8215713013889,-115.206414828056,4,1.63,164
"Canadian Ridge","22_123",2022-05-03,55,50.8215833641667,-115.206453662778,5,1.62,164
"Canadian Ridge","22_123",2022-05-03,56,50.8215935627778,-115.206492381667,6,1.65,164
"Canadian Ridge","22_123",2022-05-03,57,50.8216044363889,-115.206530460278,7,1.49,164
"Canadian Ridge","22_123",2022-05-03,58,50.8216150166667,-115.206572594722,8,1.25,164
"Canadian Ridge","22_123",2022-05-03,59,50.8216236325,-115.206609605278,9,1.14,164
"Canadian Ridge","22_123",2022-05-03,60,50.8216321222222,-115.206653975278,10,1.1,164
"Canadian Ridge","22_123",2022-05-03,61,50.8216423116667,-115.206692790278,11,0.79,164
"Canadian Ridge","22_123",2022-05-03,62,50.8216490419444,-115.206716708889,12,1.16,164
"Canadian Ridge","22_123",2022-05-03,63,50.8216666544444,-115.206755363611,13,1.08,164
"Canadian Ridge","22_123",2022-05-03,64,50.8216774497222,-115.206780950278,14,1.1,164
"Canadian Ridge","22_123",2022-05-03,65,50.8216913019444,-115.206815565556,15,0.96,164
"Powerline","22_123",2022-05-03,67,50.8259648444444,-115.198197686389,1,1.42,118
"Powerline","22_123",2022-05-03,68,50.8259568419444,-115.198123091111,2,1.2,118
"Powerline","22_123",2022-05-03,70,50.8259599783333,-115.198096773611,4,1.5,118
"Powerline","22_123",2022-05-03,71,50.8259929894445,-115.197978280833,5,1.17,118
"Powerline","22_123",2022-05-03,72,50.8260028558333,-115.197948071667,6,0.97,118
"Powerline","22_123",2022-05-03,73,50.8260148822222,-115.197923321389,7,1.26,118
"Powerline","22_123",2022-05-03,74,50.8260297861111,-115.197915839444,8,1.54,118
"Powerline","22_123",2022-05-03,75,50.8260296288889,-115.197901936944,9,1.24,118
"Powerline","22_123",2022-05-03,76,50.8260442813889,-115.197873549722,10,1.48,118
"Powerline","22_123",2022-05-03,77,50.8260505072222,-115.197835392778,11,1.5,118
"Powerline","22_123",2022-05-03,78,50.8260557480556,-115.197795419167,12,1.34,118
"Powerline","22_123",2022-05-03,79,50.8260607788889,-115.197757176389,13,1.6,118
"Powerline","22_123",2022-05-03,80,50.8260815872222,-115.197734888889,14,1.3,118
"Powerline","22_123",2022-05-03,81,50.8260961611111,-115.197706683056,15,1.57,118
"Powerline","22_123",2022-05-03,82,50.8260494722222,-115.19835556,16,1.65,118
"Powerline","22_123",2022-05-03,83,50.8260483297222,-115.198355999444,17,1.79,118
"Fortress Ridge South","22_123",2022-05-03,2,50.8383441005556,-115.215781043056,2,1.71,163
"Fortress Ridge South","22_123",2022-05-03,3,50.838270325,-115.215849023611,5,2.16,163
"Fortress Ridge South","22_123",2022-05-03,4,50.8381922380556,-115.215880129167,8,2.38,163
"Fortress Ridge South","22_123",2022-05-03,5,50.8381437413889,-115.215863139444,10,2.24,163
"Fortress Ridge South","22_123",2022-05-03,6,50.8381682661111,-115.215872037222,9,2.67,163
"Fortress Ridge South","22_144",2022-05-24,2,50.8383506572222,-115.215781861667,1,2.12,115
"Fortress Ridge South","22_144",2022-05-24,3,50.8383270447222,-115.215799020278,2,2.01,115
"Fortress Ridge South","22_144",2022-05-24,4,50.8383032669445,-115.2158110075,3,1.53,115
"Fortress Ridge South","22_144",2022-05-24,5,50.8382878836111,-115.215815481389,4,2.51,115
"Fortress Ridge South","22_144",2022-05-24,6,50.8382775741667,-115.215831238889,5,1.98,115
"Fortress Ridge South","22_144",2022-05-24,7,50.8382435969444,-115.215849982778,6,2.63,115
"Fortress Ridge South","22_144",2022-05-24,8,50.8382203144444,-115.215866028056,7,2.5,115
"Fortress Ridge South","22_144",2022-05-24,9,50.8381942733333,-115.215873235833,8,2.41,115
"Fortress Ridge South","22_144",2022-05-24,10,50.8381653125,-115.215867676944,9,2.54,115
"Fortress Ridge South","22_144",2022-05-24,11,50.8381433911111,-115.215862178889,10,2.31,115
"Bonsai","22_144",2022-05-24,33,50.8210904544444,-115.214087468611,1,1.84,115
"Bonsai","22_144",2022-05-24,34,50.8210726011111,-115.214072778056,2,2,115
"Bonsai","22_144",2022-05-24,35,50.8210520963889,-115.214068266944,3,1.94,115
"Bonsai","22_144",2022-05-24,36,50.8210405108333,-115.214081534167,4,1.86,115
"Bonsai","22_144",2022-05-24,37,50.8210371986111,-115.214117920278,5,1.94,115
"Bonsai","22_144",2022-05-24,38,50.8210353444444,-115.214149988333,6,1.85,115
"Bonsai","22_144",2022-05-24,39,50.8210101280556,-115.214156074167,7,1.33,115
"Bonsai","22_144",2022-05-24,40,50.8209880108333,-115.214147205,8,1.94,115
"Bonsai","22_144",2022-05-24,41,50.8209646441667,-115.214146508889,9,2.02,115
"Bonsai","22_144",2022-05-24,42,50.8209414941667,-115.214145810278,10,2.03,115
"Bonsai","22_144",2022-05-24,43,50.8209162377778,-115.214141275278,11,2.15,115
"Bonsai","22_144",2022-05-24,44,50.8208980427778,-115.21414068,12,2.06,115
"Canadian Ridge","22_144",2022-05-24,48,50.8215357683333,-115.206267516944,1,0.54,115
"Canadian Ridge","22_144",2022-05-24,49,50.8215406533333,-115.206318789444,2,1.06,115
"Canadian Ridge","22_144",2022-05-24,50,50.8215488411111,-115.206349591667,3,1.32,115
"Canadian Ridge","22_144",2022-05-24,51,50.8215537611111,-115.2063872525,4,1.65,115
"Canadian Ridge","22_144",2022-05-24,52,50.8215658347222,-115.206433385833,5,1.76,115
"Canadian Ridge","22_144",2022-05-24,53,50.8215741441667,-115.206473431944,6,1.64,115
"Canadian Ridge","22_144",2022-05-24,54,50.8215834527778,-115.206509981111,7,1.58,115
"Canadian Ridge","22_144",2022-05-24,55,50.821594815,-115.206550021111,8,1.45,115
"Canadian Ridge","22_144",2022-05-24,56,50.8216079005556,-115.206585396667,9,1.31,115
"Canadian Ridge","22_144",2022-05-24,57,50.8216176113889,-115.206632655556,10,1.19,115
"Powerline","22_144",2022-05-24,58,50.8216273772222,-115.206678044167,1,1.14,115
"Canadian Ridge","22_144",2022-05-24,58,50.8216273772222,-115.206678044167,11,1.13,115
"Powerline","22_144",2022-05-24,59,50.8216442677778,-115.206714908056,2,1.44,115
"Canadian Ridge","22_144",2022-05-24,59,50.8216442677778,-115.206714908056,12,1.23,115
"Powerline","22_144",2022-05-24,60,50.8216558775,-115.206754933333,3,1.47,115
"Canadian Ridge","22_144",2022-05-24,60,50.8216558775,-115.206754933333,13,1.22,115
"Powerline","22_144",2022-05-24,61,50.8216729555556,-115.206789688611,4,0.83,115
"Canadian Ridge","22_144",2022-05-24,61,50.8216729555556,-115.206789688611,14,1.18,115
"Powerline","22_144",2022-05-24,62,50.8216911566667,-115.206825516389,5,1.23,115
"Canadian Ridge","22_144",2022-05-24,62,50.8216911566667,-115.206825516389,15,1.11,115
"Powerline","22_144",2022-05-24,63,50.8259954597222,-115.197982635833,6,1.36,115
"Powerline","22_144",2022-05-24,64,50.826000725,-115.197960559722,7,1.28,115
"Powerline","22_144",2022-05-24,65,50.8260166327778,-115.197924333056,8,1.46,115
"Powerline","22_144",2022-05-24,66,50.8260323858333,-115.197903754444,9,1.47,115
"Powerline","22_144",2022-05-24,67,50.8260449072222,-115.197871411111,10,1.21,115
"Powerline","22_144",2022-05-24,68,50.826052315,-115.197836158056,11,1.46,115
"Powerline","22_144",2022-05-24,69,50.8260561025,-115.197794607222,12,1.7,115
"Powerline","22_144",2022-05-24,70,50.8260661744444,-115.197758595833,13,1.44,115
"Powerline","22_144",2022-05-24,71,50.8260817858333,-115.197730238889,14,1.48,115
"Powerline","22_144",2022-05-24,72,50.8260931525,-115.197703308889,15,1.47,115
"Canadian Ridge","22_153",2022-06-02,123,50.8215406213889,-115.206282088056,1,0.38,114
"Canadian Ridge","22_153",2022-06-02,124,50.8215439752778,-115.206315476667,2,0.85,114
"Canadian Ridge","22_153",2022-06-02,125,50.8215507794445,-115.206356580833,3,1.19,114
"Canadian Ridge","22_153",2022-06-02,126,50.8215560316667,-115.206382166944,4,1.36,114
"Canadian Ridge","22_153",2022-06-02,127,50.8215598091667,-115.206413443333,5,1.39,114
"Canadian Ridge","22_153",2022-06-02,128,50.8215723055556,-115.206459578611,6,1.39,114
"Canadian Ridge","22_153",2022-06-02,129,50.8215800541667,-115.206487107222,7,1.36,114
"Canadian Ridge","22_153",2022-06-02,130,50.8215883986111,-115.206520277222,8,1.25,114
"Canadian Ridge","22_153",2022-06-02,131,50.8216065283333,-115.206575708889,9,1.14,114
"Canadian Ridge","22_153",2022-06-02,132,50.8216074788889,-115.206577161944,10,1.05,114
"Canadian Ridge","22_153",2022-06-02,133,50.8216138019444,-115.206608410833,11,1.04,114
"Canadian Ridge","22_153",2022-06-02,134,50.8216210894444,-115.206646800278,12,0.92,114
"Canadian Ridge","22_153",2022-06-02,135,50.8216314333333,-115.206680535556,13,0.82,114
"Canadian Ridge","22_153",2022-06-02,136,50.8216391827778,-115.206701799444,14,0.88,114
"Canadian Ridge","22_153",2022-06-02,137,50.8216488833333,-115.206735255278,15,0.59,114
"Canadian Ridge","22_153",2022-06-02,138,50.8216604355556,-115.206763290278,16,0.74,114
"Canadian Ridge","22_153",2022-06-02,139,50.8216684866667,-115.206780688611,17,0.93,114
"Canadian Ridge","22_153",2022-06-02,140,50.82168902,-115.206830901389,18,0.86,114
"Canadian Ridge","22_153",2022-06-02,141,50.8216977,-115.206787375556,19,0.73,114
"Canadian Ridge","22_153",2022-06-02,142,50.8217092727778,-115.206716036389,20,0.87,114
"Powerline","22_153",2022-06-02,147,50.8259651263889,-115.198194313889,1,1.31,69
"Powerline","22_153",2022-06-02,148,50.8259702122222,-115.198073075278,4,1.11,69
"Powerline","22_153",2022-06-02,149,50.8259984511111,-115.197961053611,7,1.01,69
"Powerline","22_153",2022-06-02,150,50.8260102055556,-115.19792657,8,1.09,69
"Powerline","22_153",2022-06-02,151,50.8260483177778,-115.197860479722,10,0.99,69
"Powerline","22_153",2022-06-02,152,50.8260552852778,-115.197820139722,11,1.18,69
"Powerline","22_153",2022-06-02,153,50.8260565325,-115.197780481111,12,1.16,69
"Powerline","22_153",2022-06-02,154,50.8260719413889,-115.197743263333,13,1.16,69
"Powerline","22_153",2022-06-02,155,50.8260874533333,-115.197707213889,14,1.23,69
"Fortress Ridge South","22_153",2022-06-02,91,50.8383412269444,-115.215795336944,1,2.13,164
"Fortress Ridge South","22_153",2022-06-02,91,50.8383412269444,-115.215795336944,1,2.13,164
"Fortress Ridge South","22_153",2022-06-02,92,50.8383183180556,-115.215793286111,2,2.22,164
"Fortress Ridge South","22_153",2022-06-02,92,50.8383183180556,-115.215793286111,2,2.22,164
"Fortress Ridge South","22_153",2022-06-02,93,50.838306025,-115.215797630833,3,1.54,164
"Fortress Ridge South","22_153",2022-06-02,93,50.838306025,-115.215797630833,3,1.54,164
"Fortress Ridge South","22_153",2022-06-02,94,50.8382901008333,-115.215804235278,4,1.89,164
"Fortress Ridge South","22_153",2022-06-02,94,50.8382901008333,-115.215804235278,4,1.89,164
"Fortress Ridge South","22_153",2022-06-02,95,50.8382709588889,-115.215819774167,5,2.03,164
"Fortress Ridge South","22_153",2022-06-02,95,50.8382709588889,-115.215819774167,5,2.03,164
"Fortress Ridge South","22_153",2022-06-02,96,50.8382575613889,-115.215835204167,6,2.05,164
"Fortress Ridge South","22_153",2022-06-02,96,50.8382575613889,-115.215835204167,6,2.05,164
"Fortress Ridge South","22_153",2022-06-02,97,50.8382436861111,-115.215852159167,7,2.22,164
"Fortress Ridge South","22_153",2022-06-02,97,50.8382436861111,-115.215852159167,7,2.22,164
"Fortress Ridge South","22_153",2022-06-02,98,50.8382416136111,-115.215850700278,8,2.33,164
"Fortress Ridge South","22_153",2022-06-02,98,50.8382416136111,-115.215850700278,8,2.33,164
"Fortress Ridge South","22_153",2022-06-02,99,50.8382420427778,-115.2158547675,9,1.72,164
"Fortress Ridge South","22_153",2022-06-02,99,50.8382420427778,-115.2158547675,9,1.72,164
"Fortress Ridge South","22_153",2022-06-02,100,50.838221965,-115.215864386389,10,2.33,164
"Fortress Ridge South","22_153",2022-06-02,100,50.838221965,-115.215864386389,10,2.33,164
"Fortress Ridge South","22_153",2022-06-02,101,50.8382049616667,-115.215871715,11,2.16,164
"Fortress Ridge South","22_153",2022-06-02,101,50.8382049616667,-115.215871715,11,2.16,164
"Fortress Ridge South","22_153",2022-06-02,102,50.8381890716667,-115.215872500278,12,2.16,164
"Fortress Ridge South","22_153",2022-06-02,102,50.8381890716667,-115.215872500278,12,2.16,164
"Fortress Ridge South","22_153",2022-06-02,103,50.8381691788889,-115.215862405278,13,2.41,164
"Fortress Ridge South","22_153",2022-06-02,103,50.8381691788889,-115.215862405278,13,2.41,164
"Fortress Ridge South","22_153",2022-06-02,104,50.83814325,-115.215855142222,14,2.16,164
"Fortress Ridge South","22_153",2022-06-02,104,50.83814325,-115.215855142222,14,2.16,164
"Fortress Ridge South","22_153",2022-06-02,105,50.8381089594444,-115.215814948889,15,2.09,164
"Fortress Ridge South","22_153",2022-06-02,105,50.8381089594444,-115.215814948889,15,2.09,164
"Bonsai","22_153",2022-06-02,109,50.8210949894444,-115.214091296389,1,1.47,119
"Bonsai","22_153",2022-06-02,110,50.8210732322222,-115.214075936111,2,1.44,119
"Bonsai","22_153",2022-06-02,111,50.8210481638889,-115.214070968056,3,1.64,119
"Bonsai","22_153",2022-06-02,112,50.8210425936111,-115.214091799444,4,1.59,119
"Bonsai","22_153",2022-06-02,113,50.8210388183333,-115.21412983,5,1.55,119
"Bonsai","22_153",2022-06-02,114,50.8210241919444,-115.214159535278,6,1.61,119
"Bonsai","22_153",2022-06-02,115,50.8209991566667,-115.214153935,7,1.64,119
"Bonsai","22_153",2022-06-02,116,50.8209792252778,-115.214146403056,8,1.67,119
"Bonsai","22_153",2022-06-02,117,50.8209558980556,-115.214145151389,9,1.7,119
"Bonsai","22_153",2022-06-02,118,50.8209302761111,-115.214142713056,10,1.72,119
"Bonsai","22_153",2022-06-02,119,50.8209086783333,-115.214140253611,11,1.79,119
"Bonsai","22_153",2022-06-02,120,50.8208878097222,-115.214137313611,12,1.79,119
"Fortress Ridge South","22_319",2022-11-15,35,50.8384166813889,-115.216243554722,1,0.74,114
"Fortress Ridge South","22_319",2022-11-15,36,50.8384005186111,-115.216198030833,2,1.1,114
"Fortress Ridge South","22_319",2022-11-15,37,50.8383798741667,-115.216149579444,3,1.09,114
"Fortress Ridge South","22_319",2022-11-15,38,50.8383572125,-115.216097439167,4,0.83,114
"Fortress Ridge South","22_319",2022-11-15,39,50.8383336305556,-115.216058911111,5,0.54,114
"Fortress Ridge South","22_319",2022-11-15,40,50.838310625,-115.216017379167,6,0.68,114
"Fortress Ridge South","22_319",2022-11-15,41,50.8382867552778,-115.215968144167,7,0.79,114
"Fortress Ridge South","22_319",2022-11-15,42,50.8382632833333,-115.215926265278,8,1.14,114
"Fortress Ridge South","22_319",2022-11-15,43,50.8382361052778,-115.215867486667,9,1.22,114
"Fortress Ridge South","22_319",2022-11-15,44,50.8382350269444,-115.215802001944,10,0.82,114
"Fortress Ridge South","22_319",2022-11-15,46,50.8381769780556,-115.2158262975,11,0.76,114
"Fortress Ridge South","22_319",2022-11-15,47,50.8381481494445,-115.215797871667,12,0.74,114
"Fortress Ridge South","22_319",2022-11-15,48,50.8381115002778,-115.215771021667,13,0.83,114
"Bonsai","22_319",2022-11-15,49,50.8210964475,-115.214081266111,1,0.68,72
"Bonsai","22_319",2022-11-15,50,50.8210757158333,-115.214075107222,2,0.67,72
"Bonsai","22_319",2022-11-15,51,50.8210523883333,-115.214075488333,3,0.72,72
"Bonsai","22_319",2022-11-15,52,50.8210319388889,-115.214076786111,4,0.69,72
"Bonsai","22_319",2022-11-15,53,50.8210289097222,-115.214102180278,5,0.69,72
"Bonsai","22_319",2022-11-15,54,50.8210271283333,-115.214131391389,6,0.7,72
"Bonsai","22_319",2022-11-15,55,50.8210154358333,-115.214154347778,7,0.71,72
"Bonsai","22_319",2022-11-15,56,50.8209932013889,-115.214153668056,8,0.74,72
"Bonsai","22_319",2022-11-15,57,50.8209737875,-115.214155898333,9,0.7,72
"Bonsai","22_319",2022-11-15,58,50.8209564477778,-115.214161670278,10,0.69,72
"Bonsai","22_319",2022-11-15,59,50.8209320816667,-115.214170353333,11,0.7,72
"Powerline","22_319",2022-11-15,62,50.8259666094444,-115.198200773611,1,0.43,72
"Powerline","22_319",2022-11-15,64,50.8259597013889,-115.198091016389,3,0.54,72
"Powerline","22_319",2022-11-15,69,50.8260214336111,-115.197903780556,8,0.64,72
"Powerline","22_319",2022-11-15,70,50.8260355011111,-115.197893283889,9,0.49,72
"Powerline","22_319",2022-11-15,72,50.8260637538889,-115.1978074675,11,0.6,72
"Powerline","22_319",2022-11-15,73,50.8260624969444,-115.197756415833,12,0.54,72
"Canadian Ridge","22_319",2022-11-15,79,50.8215299677778,-115.206286125278,1,0.43,72
"Canadian Ridge","22_319",2022-11-15,80,50.8215358258333,-115.206321690833,2,0.76,72
"Canadian Ridge","22_319",2022-11-15,81,50.8215458213889,-115.206357410833,3,0.86,72
"Canadian Ridge","22_319",2022-11-15,82,50.8215564075,-115.206396039722,4,1.09,72
"Canadian Ridge","22_319",2022-11-15,83,50.8215673630556,-115.206429125278,5,1.21,72
"Canadian Ridge","22_319",2022-11-15,84,50.8215765533333,-115.206445977222,6,0.96,72
"Canadian Ridge","22_319",2022-11-15,85,50.8215884266667,-115.206484648333,7,0.61,72
"Canadian Ridge","22_319",2022-11-15,86,50.8216026683333,-115.206523783333,8,0.56,72
"Canadian Ridge","22_319",2022-11-15,87,50.8216029963889,-115.206523917222,9,0.62,72
"Canadian Ridge","22_319",2022-11-15,88,50.8216170233333,-115.206590857778,10,0.61,72
"Canadian Ridge","22_319",2022-11-15,89,50.8216271688889,-115.206629270556,11,0.65,72
"Canadian Ridge","22_319",2022-11-15,90,50.8216338827778,-115.2066639675,12,0.55,72
"Canadian Ridge","22_319",2022-11-15,91,50.8216364211111,-115.206689798611,13,0.62,72
"Fortress Ridge South","23_017",2023-01-17,31,50.8383687469444,-115.215800859444,1,1.8,116
"Fortress Ridge South","23_017",2023-01-17,32,50.8383419202778,-115.215805480556,2,2.45,116
"Fortress Ridge South","23_017",2023-01-17,33,50.8383165980556,-115.215812495,3,2.45,116
"Fortress Ridge South","23_017",2023-01-17,34,50.8382878002778,-115.2158322875,4,0.97,116
"Fortress Ridge South","23_017",2023-01-17,35,50.8382596997222,-115.215843890278,5,2.4,116
"Fortress Ridge South","23_017",2023-01-17,36,50.8382447297222,-115.215859381944,6,1.23,116
"Fortress Ridge South","23_017",2023-01-17,37,50.8382234097222,-115.215868688333,7,1.22,116
"Fortress Ridge South","23_017",2023-01-17,38,50.8382021102778,-115.215888899167,8,0.9,116
"Fortress Ridge South","23_017",2023-01-17,39,50.8381781558333,-115.215898955833,9,1.25,116
"Fortress Ridge","23_017",2023-01-17,42,50.8364982758333,-115.220262323333,1,0.2,116
"Fortress Ridge","23_017",2023-01-17,43,50.8364905325,-115.220305605278,2,0.08,116
"Fortress Ridge","23_017",2023-01-17,44,50.8364848797222,-115.2203586575,3,0,116
"Fortress Ridge","23_017",2023-01-17,45,50.8364815752778,-115.220419281667,4,0.01,116
"Fortress Ridge","23_017",2023-01-17,46,50.8364699755556,-115.220474011667,5,0.05,116
"Fortress Ridge","23_017",2023-01-17,47,50.8364534377778,-115.220524340278,6,0,116
"Fortress Ridge","23_017",2023-01-17,48,50.8364287877778,-115.220571403889,7,0.02,116
"Fortress Ridge","23_017",2023-01-17,49,50.8364083536111,-115.2206140725,8,0.03,116
"Fortress Ridge","23_017",2023-01-17,50,50.8363844541667,-115.220660144444,9,0.01,116
"Fortress Ridge","23_017",2023-01-17,51,50.8363576325,-115.220699733611,10,0.04,116
"Fortress Ridge","23_017",2023-01-17,52,50.8363344677778,-115.220746548889,11,0.11,116
"Fortress Ridge","23_017",2023-01-17,53,50.8363108925,-115.220796971389,12,0.05,116
"Fortress Ridge","23_017",2023-01-17,54,50.8362876063889,-115.220840555,13,0,116
"Fortress Ridge","23_017",2023-01-17,55,50.8362697180556,-115.220881270556,14,0.03,116
"Fortress Ridge","23_017",2023-01-17,56,50.8362484952778,-115.220931420833,15,0.03,116
"Fortress Ridge","23_017",2023-01-17,57,50.8362304341667,-115.220968926667,16,0.15,116
"Fortress Ridge","23_017",2023-01-17,58,50.8362141383333,-115.221011723056,17,0.02,116
"Fortress Ridge","23_017",2023-01-17,59,50.8361958722222,-115.221053475278,18,0.06,116
"Fortress Ridge","23_017",2023-01-17,60,50.8361729372222,-115.2211060475,19,0.04,116
"Fortress Ridge","23_017",2023-01-17,61,50.8361555530556,-115.221159657222,20,0.2,116
"Bonsai","23_017",2023-01-17,63,50.8210979388889,-115.214079008333,1,0.93,68
"Bonsai","23_017",2023-01-17,64,50.8210775677778,-115.2140818175,2,0.96,68
"Bonsai","23_017",2023-01-17,65,50.8210551355556,-115.214080314444,3,0.95,68
"Bonsai","23_017",2023-01-17,66,50.8210347263889,-115.214084125833,4,1.02,68
"Bonsai","23_017",2023-01-17,67,50.8210325658333,-115.214118096667,5,0.96,68
"Bonsai","23_017",2023-01-17,68,50.8210289466667,-115.214153899167,6,0.95,68
"Bonsai","23_017",2023-01-17,69,50.8210059755556,-115.214156389444,7,0.94,68
"Bonsai","23_017",2023-01-17,70,50.8209896680556,-115.214156026944,8,0.99,68
"Bonsai","23_017",2023-01-17,71,50.8209713094444,-115.214160836389,9,0.99,68
"Bonsai","23_017",2023-01-17,72,50.8209535486111,-115.214165170833,10,0.98,68
"Bonsai","23_017",2023-01-17,73,50.8209326627778,-115.214174205833,11,0.96,68
"Canadian Ridge","23_017",2023-01-17,76,50.8215077997222,-115.206272768056,1,0.01,66
"Canadian Ridge","23_017",2023-01-17,77,50.8215221533333,-115.206311119722,2,0,66
"Canadian Ridge","23_017",2023-01-17,78,50.8215412708333,-115.206362100833,3,0.6,66
"Canadian Ridge","23_017",2023-01-17,79,50.8215586236111,-115.2064025225,4,0.95,66
"Canadian Ridge","23_017",2023-01-17,80,50.8215742022222,-115.206446063056,5,0.95,66
"Canadian Ridge","23_017",2023-01-17,81,50.8215671852778,-115.206500768611,6,0.89,66
"Canadian Ridge","23_017",2023-01-17,82,50.8215822547222,-115.206539008889,7,0.65,66
"Canadian Ridge","23_017",2023-01-17,83,50.8215960444444,-115.206573499722,8,0.57,66
"Canadian Ridge","23_017",2023-01-17,84,50.8216060508333,-115.206610340833,9,0.55,66
"Canadian Ridge","23_017",2023-01-17,85,50.8216153041667,-115.206640271111,10,0.62,66
"Canadian Ridge","23_017",2023-01-17,86,50.8216277725,-115.206673134444,11,0.66,66
"Canadian Ridge","23_017",2023-01-17,87,50.8216459177778,-115.206724161667,12,0.53,66
"Canadian Ridge","23_017",2023-01-17,88,50.8216615044444,-115.206765199167,13,0.7,66
"Canadian Ridge","23_017",2023-01-17,89,50.8216730402778,-115.206797038056,14,0.66,66
"Canadian Ridge","23_017",2023-01-17,90,50.8216843066667,-115.206834272778,15,0.68,66
"Powerline","23_017",2023-01-17,91,50.8259674122222,-115.198201437778,1,0.7,66
"Powerline","23_017",2023-01-17,92,50.8259554983333,-115.198152584722,2,0.56,66
"Powerline","23_017",2023-01-17,93,50.8259533861111,-115.198117875833,3,0.6,66
"Powerline","23_017",2023-01-17,94,50.8259597925,-115.198084450556,4,0.59,66
"Powerline","23_017",2023-01-17,95,50.8259761977778,-115.198052893056,5,0.4,66
"Powerline","23_017",2023-01-17,96,50.8259890730556,-115.198016977778,6,0.45,66
"Powerline","23_017",2023-01-17,97,50.8259920633333,-115.197986878056,7,0.65,66
"Powerline","23_017",2023-01-17,98,50.826000585,-115.197958049722,8,0.7,66
"Powerline","23_017",2023-01-17,99,50.8260137777778,-115.197918296667,9,0.72,66
"Powerline","23_017",2023-01-17,100,50.8260317291667,-115.197896758056,10,0.65,66
"Powerline","23_017",2023-01-17,101,50.8260447605556,-115.197865456111,11,0.7,66
"Powerline","23_017",2023-01-17,102,50.8260474555556,-115.197834056111,12,0.8,66
"Powerline","23_017",2023-01-17,103,50.8260562269444,-115.197798373611,13,0.65,66
"Powerline","23_017",2023-01-17,104,50.8260617894444,-115.197769438889,14,0.81,66
"Powerline","23_017",2023-01-17,105,50.8260724886111,-115.197746631111,15,0.85,66
"Powerline","23_017",2023-01-17,106,50.8260833355556,-115.197719159167,16,0.8,66
"Fortress Ridge South","23_032",2023-02-01,4,50.8382829197222,-115.215832597222,4,1.5,114
"Fortress Ridge South","23_032",2023-02-01,5,50.8382596630556,-115.215842373056,5,2.26,114
"Fortress Ridge South","23_032",2023-02-01,6,50.8382397161111,-115.215855143889,6,1.36,114
"Fortress Ridge South","23_032",2023-02-01,7,50.8382129080556,-115.215865325278,7,1.21,114
"Fortress Ridge South","23_032",2023-02-01,8,50.8381889711111,-115.2158663,8,1.01,114
"Fortress Ridge South","23_032",2023-02-01,9,50.8381627188889,-115.215862444722,9,1.51,114
"Fortress Ridge South","23_032",2023-02-01,10,50.8381399616667,-115.215857684167,10,1.18,114
"Fortress Ridge","23_032",2023-02-01,13,50.8364392888889,-115.220534690278,1,0.02,NA
"Fortress Ridge","23_032",2023-02-01,14,50.8364278994444,-115.220606973611,2,0.01,NA
"Fortress Ridge","23_032",2023-02-01,15,50.8364098836111,-115.220670603056,3,0,NA
"Fortress Ridge","23_032",2023-02-01,16,50.8363937125,-115.220738448333,4,0,NA
"Fortress Ridge","23_032",2023-02-01,17,50.8363760533333,-115.220802063333,5,0.01,NA
"Fortress Ridge","23_032",2023-02-01,18,50.8363572772222,-115.2208628825,6,0,NA
"Fortress Ridge","23_032",2023-02-01,19,50.8363375475,-115.220922987222,7,0.01,NA
"Fortress Ridge","23_032",2023-02-01,20,50.8363148494444,-115.220978863611,8,0.03,NA
"Fortress Ridge","23_032",2023-02-01,21,50.8362992877778,-115.221034680278,9,0.01,NA
"Fortress Ridge","23_032",2023-02-01,22,50.8362756655556,-115.2210847675,10,0.04,NA
"Fortress Ridge","23_032",2023-02-01,23,50.8362549486111,-115.221133346667,11,0,NA
"Fortress Ridge","23_032",2023-02-01,24,50.8362311488889,-115.221180602778,12,0.05,NA
"Fortress Ridge","23_032",2023-02-01,25,50.8362100938889,-115.221232237222,13,0,NA
"Fortress Ridge","23_032",2023-02-01,26,50.8361899691667,-115.221286077222,14,0.01,NA
"Fortress Ridge","23_032",2023-02-01,27,50.8361720336111,-115.221336014167,15,0,NA
"Fortress Ridge","23_032",2023-02-01,28,50.8361512205556,-115.221392451944,16,0.01,NA
"Fortress Ridge","23_032",2023-02-01,29,50.8361357186111,-115.221441930278,17,0.02,NA
"Fortress Ridge","23_032",2023-02-01,30,50.8361179058333,-115.221494855278,18,0.01,NA
"Fortress Ridge","23_032",2023-02-01,31,50.8360953877778,-115.221548277778,19,0,NA
"Fortress Ridge","23_032",2023-02-01,32,50.8360740886111,-115.221595542222,20,0.03,NA
"Bonsai","23_032",2023-02-01,33,50.8210905158333,-115.214080553889,1,1.05,115
"Bonsai","23_032",2023-02-01,34,50.8210689552778,-115.214078415556,2,1.06,115
"Bonsai","23_032",2023-02-01,35,50.8210437230556,-115.214074519722,3,1.02,115
"Bonsai","23_032",2023-02-01,36,50.8210341741667,-115.214089691944,4,1.08,115
"Bonsai","23_032",2023-02-01,37,50.8210345930556,-115.214118138333,5,1.06,115
"Bonsai","23_032",2023-02-01,38,50.8210303963889,-115.2141459275,6,1.07,115
"Bonsai","23_032",2023-02-01,39,50.8210079105556,-115.2141527675,7,1.06,115
"Bonsai","23_032",2023-02-01,40,50.8209850875,-115.21416085,8,1.04,115
"Bonsai","23_032",2023-02-01,41,50.8209591533333,-115.214169623889,9,1.03,115
"Bonsai","23_032",2023-02-01,42,50.8209392694444,-115.214173314722,10,1.09,115
"Canadian Ridge","23_032",2023-02-01,46,50.8215197136111,-115.206250894167,1,0.04,115
"Canadian Ridge","23_032",2023-02-01,47,50.8215281038889,-115.206299006389,2,0.08,115
"Canadian Ridge","23_032",2023-02-01,48,50.8215440030556,-115.206346846944,3,0.46,115
"Canadian Ridge","23_032",2023-02-01,49,50.8215547961111,-115.206380833333,4,0.94,115
"Canadian Ridge","23_032",2023-02-01,50,50.8215653980556,-115.206421269722,5,1.14,115
"Canadian Ridge","23_032",2023-02-01,51,50.8215761827778,-115.20645715,6,0.96,115
"Canadian Ridge","23_032",2023-02-01,52,50.8215928894444,-115.206507361944,7,0.62,115
"Canadian Ridge","23_032",2023-02-01,53,50.821604125,-115.20653633,8,0.43,115
"Canadian Ridge","23_032",2023-02-01,54,50.8216176569444,-115.206575054167,9,0.45,115
"Canadian Ridge","23_032",2023-02-01,55,50.8216271038889,-115.206608333611,10,0.48,115
"Canadian Ridge","23_032",2023-02-01,56,50.8216300311111,-115.206653041667,11,0.54,115
"Canadian Ridge","23_032",2023-02-01,57,50.8216374563889,-115.206685874167,12,0.64,115
"Fortress Ridge South","23_046",2023-02-15,37,50.8383515533333,-115.215789207778,1,2.35,161
"Fortress Ridge South","23_046",2023-02-15,38,50.8383244086111,-115.215803558889,2,2.86,161
"Fortress Ridge South","23_046",2023-02-15,39,50.8382994069444,-115.215812884722,3,1.65,161
"Fortress Ridge South","23_046",2023-02-15,40,50.8382694930556,-115.21583108,4,2.1,161
"Fortress Ridge South","23_046",2023-02-15,41,50.8382446541667,-115.215841798333,5,1.35,161
"Fortress Ridge South","23_046",2023-02-15,42,50.8382106519444,-115.215867683056,6,1.09,161
"Fortress Ridge South","23_046",2023-02-15,43,50.8381738391667,-115.215864726389,7,1.36,161
"Fortress Ridge South","23_046",2023-02-15,44,50.8381435302778,-115.215855436944,8,1.19,161
"Fortress Ridge South","23_046",2023-02-15,45,50.8381118913889,-115.215856921389,9,0.82,161
"Fortress Ridge South","23_046",2023-02-15,46,50.8382279602778,-115.215931590833,10,1.46,161
"Fortress Ridge South","23_046",2023-02-15,47,50.8382299294444,-115.215930500556,11,1.4,161
"Bonsai","23_046",2023-02-15,68,50.8210894366667,-115.214081505556,1,1.14,66
"Bonsai","23_046",2023-02-15,69,50.8210669169444,-115.214077038333,2,1.16,66
"Bonsai","23_046",2023-02-15,70,50.8210465513889,-115.214077602222,3,1.1,66
"Bonsai","23_046",2023-02-15,71,50.8210328447222,-115.214090124722,4,1.16,66
"Bonsai","23_046",2023-02-15,72,50.8210294211111,-115.214127598056,5,1.13,66
"Bonsai","23_046",2023-02-15,73,50.8210146405556,-115.214153416389,6,1.15,66
"Bonsai","23_046",2023-02-15,74,50.8209959655556,-115.214151498889,7,1.2,66
"Bonsai","23_046",2023-02-15,75,50.8209754011111,-115.2141532375,8,1.14,66
"Bonsai","23_046",2023-02-15,76,50.8209549033333,-115.214162611944,9,1.15,66
"Bonsai","23_046",2023-02-15,77,50.8209332861111,-115.214170351667,10,1.15,66
"Fortress Ridge South","23_059",2023-02-28,38,50.83835299,-115.215807227222,1,2.17,113
"Fortress Ridge South","23_059",2023-02-28,39,50.8383343375,-115.215821246389,2,1.36,113
"Fortress Ridge South","23_059",2023-02-28,40,50.8383156761111,-115.215827993056,3,2.46,113
"Fortress Ridge South","23_059",2023-02-28,41,50.8382933847222,-115.215843419167,4,1.58,113
"Fortress Ridge South","23_059",2023-02-28,42,50.8382627841667,-115.21585313,5,2.35,113
"Fortress Ridge South","23_059",2023-02-28,43,50.8382305041667,-115.215864316944,6,1.52,113
"Fortress Ridge South","23_059",2023-02-28,44,50.8381939522222,-115.215869846389,7,1.27,113
"Fortress Ridge South","23_059",2023-02-28,45,50.838169955,-115.215851354167,8,1.62,113
"Fortress Ridge South","23_059",2023-02-28,46,50.8381490130556,-115.2158334025,9,1.57,113
"Fortress Ridge South","23_059",2023-02-28,47,50.8381340825,-115.215822586389,10,1.27,113
"Fortress Ridge","23_059",2023-02-28,50,50.8364472119444,-115.220518745278,1,0.03,67
"Fortress Ridge","23_059",2023-02-28,51,50.8364278138889,-115.220570438611,2,0.07,67
"Fortress Ridge","23_059",2023-02-28,52,50.8364053166667,-115.220629438056,3,0.05,67
"Fortress Ridge","23_059",2023-02-28,53,50.8363834861111,-115.220683044444,4,0.06,67
"Fortress Ridge","23_059",2023-02-28,54,50.8363629308333,-115.220731684722,5,0.11,67
"Fortress Ridge","23_059",2023-02-28,55,50.8363432955556,-115.220785256944,6,0.02,67
"Fortress Ridge","23_059",2023-02-28,56,50.8363199080556,-115.220833191111,7,0.03,67
"Fortress Ridge","23_059",2023-02-28,57,50.8362974644444,-115.22090365,8,0.09,67
"Fortress Ridge","23_059",2023-02-28,58,50.8362757302778,-115.220958750556,9,0.03,67
"Fortress Ridge","23_059",2023-02-28,59,50.8362562525,-115.221013303611,10,0.09,67
"Fortress Ridge","23_059",2023-02-28,60,50.8362394747222,-115.221069925833,11,0.1,67
"Fortress Ridge","23_059",2023-02-28,61,50.8362172988889,-115.221122016111,12,0.02,67
"Fortress Ridge","23_059",2023-02-28,62,50.8361933525,-115.221166893889,13,0.06,67
"Fortress Ridge","23_059",2023-02-28,63,50.8361721619444,-115.221214970556,14,0.07,67
"Fortress Ridge","23_059",2023-02-28,64,50.8361510922222,-115.221270066389,15,0.03,67
"Fortress Ridge","23_059",2023-02-28,65,50.8361317486111,-115.221335943333,16,0.03,67
"Fortress Ridge","23_059",2023-02-28,66,50.8361109413889,-115.221392461667,17,0.08,67
"Fortress Ridge","23_059",2023-02-28,67,50.8360918841667,-115.221446964167,18,0.09,67
"Fortress Ridge","23_059",2023-02-28,68,50.8360702533333,-115.221495107778,19,0.06,67
"Fortress Ridge","23_059",2023-02-28,69,50.8360495119444,-115.221541534722,20,0.05,67
"Bonsai","23_059",2023-02-28,70,50.8210919244444,-115.214079775556,1,1.36,68
"Bonsai","23_059",2023-02-28,71,50.8210703894445,-115.214076198056,2,1.41,68
"Bonsai","23_059",2023-02-28,72,50.8210387975,-115.214073591111,3,1.37,68
"Bonsai","23_059",2023-02-28,73,50.8210323255556,-115.21409843,4,1.38,68
"Bonsai","23_059",2023-02-28,74,50.8210258119444,-115.214141646111,5,1.37,68
"Bonsai","23_059",2023-02-28,75,50.82100408,-115.214157425833,6,1.39,68
"Bonsai","23_059",2023-02-28,76,50.8209818725,-115.2141543525,7,1.38,68
"Bonsai","23_059",2023-02-28,77,50.8209598838889,-115.214160981111,8,1.39,68
"Bonsai","23_059",2023-02-28,78,50.8209347513889,-115.214168718056,9,1.4,68
"Bonsai","23_059",2023-02-28,79,50.8209193308333,-115.214174019167,10,1.14,68
"Canadian Ridge","23_059",2023-02-28,82,50.8215414802778,-115.206289811389,1,0.5,113
"Canadian Ridge","23_059",2023-02-28,83,50.8215504172222,-115.206323473889,2,1.01,113
"Canadian Ridge","23_059",2023-02-28,84,50.8215587975,-115.206362114722,3,1.02,113
"Canadian Ridge","23_059",2023-02-28,85,50.82156665,-115.206399052778,4,1.1,113
"Canadian Ridge","23_059",2023-02-28,86,50.8215750291667,-115.2064334975,5,1.17,113
"Canadian Ridge","23_059",2023-02-28,87,50.8215849261111,-115.206466965833,6,1.09,113
"Canadian Ridge","23_059",2023-02-28,88,50.8215959030556,-115.206501961944,7,0.76,113
"Canadian Ridge","23_059",2023-02-28,89,50.8216044888889,-115.206540121111,8,0.68,113
"Canadian Ridge","23_059",2023-02-28,90,50.821611175,-115.206581998611,9,0.71,113
"Canadian Ridge","23_059",2023-02-28,91,50.8216221844445,-115.206609723056,10,0.73,113
"Canadian Ridge","23_059",2023-02-28,92,50.8216287286111,-115.206646675556,11,0.68,113
"Canadian Ridge","23_059",2023-02-28,93,50.8216333533333,-115.206689296944,12,0.8,113
"Powerline","23_059",2023-02-28,94,50.8259647205556,-115.198197572778,1,1.11,66
"Powerline","23_059",2023-02-28,95,50.825955875,-115.198150202778,2,0.8,66
"Powerline","23_059",2023-02-28,97,50.8259685986111,-115.198069626111,4,0.81,66
"Powerline","23_059",2023-02-28,99,50.8259896958333,-115.197992594167,6,0.98,66
"Powerline","23_059",2023-02-28,100,50.8259947122222,-115.197959359167,7,0.77,66
"Powerline","23_059",2023-02-28,101,50.8260112061111,-115.197928139722,8,1.04,66
"Powerline","23_059",2023-02-28,102,50.8260304077778,-115.197896690278,9,0.91,66
"Powerline","23_059",2023-02-28,103,50.8260461633333,-115.197862837778,10,0.93,66
"Powerline","23_059",2023-02-28,104,50.8260513863889,-115.197828948056,11,1.14,66
"Powerline","23_059",2023-02-28,105,50.8260563969444,-115.197796751944,12,1.03,66
"Fortress Ridge South","23_075",2023-03-16,1,50.8383503419444,-115.215778436111,1,2.35,161
"Fortress Ridge South","23_075",2023-03-16,2,50.8383268086111,-115.215788778889,2,2.49,161
"Fortress Ridge South","23_075",2023-03-16,3,50.8383063463889,-115.215802975833,3,2.9,161
"Fortress Ridge South","23_075",2023-03-16,4,50.8382806022222,-115.215818472778,4,2.1,161
"Fortress Ridge South","23_075",2023-03-16,5,50.8382556994444,-115.215837011111,5,2.51,161
"Fortress Ridge South","23_075",2023-03-16,6,50.8382337080556,-115.215851745,6,1.75,161
"Fortress Ridge South","23_075",2023-03-16,7,50.8382121886111,-115.215868171389,7,1.52,161
"Fortress Ridge South","23_075",2023-03-16,9,50.8381821486111,-115.215869412222,8,1.51,161
"Fortress Ridge South","23_075",2023-03-16,10,50.8381576302778,-115.215864184167,9,1.71,161
"Fortress Ridge South","23_075",2023-03-16,11,50.8381309930556,-115.215862308611,10,1.19,161
"Fortress Ridge","23_075",2023-03-16,12,50.8364633675,-115.220554151389,1,0.05,66
"Fortress Ridge","23_075",2023-03-16,13,50.8364437191667,-115.220609214722,2,0.03,66
"Fortress Ridge","23_075",2023-03-16,14,50.8364242175,-115.220664471389,3,0.03,66
"Fortress Ridge","23_075",2023-03-16,15,50.8364072063889,-115.220720277778,4,0.01,66
"Fortress Ridge","23_075",2023-03-16,16,50.8363876347222,-115.220777238889,5,0.02,66
"Fortress Ridge","23_075",2023-03-16,17,50.8363701763889,-115.220827533056,6,0.02,66
"Fortress Ridge","23_075",2023-03-16,18,50.8363509247222,-115.220881873333,7,0.04,66
"Fortress Ridge","23_075",2023-03-16,19,50.8363295955556,-115.220936530278,8,0.07,66
"Fortress Ridge","23_075",2023-03-16,20,50.8363100891667,-115.220985001111,9,0.12,66
"Fortress Ridge","23_075",2023-03-16,21,50.8362693052778,-115.221077565,11,0.12,66
"Fortress Ridge","23_075",2023-03-16,22,50.8362514919444,-115.221124703611,12,0.09,66
"Fortress Ridge","23_075",2023-03-16,23,50.8362310011111,-115.221173410556,13,0.07,66
"Fortress Ridge","23_075",2023-03-16,24,50.8362134886111,-115.221218265,14,0.05,66
"Fortress Ridge","23_075",2023-03-16,25,50.8361957522222,-115.221271454167,15,0.07,66
"Fortress Ridge","23_075",2023-03-16,26,50.8361732733333,-115.221319187222,16,0.01,66
"Fortress Ridge","23_075",2023-03-16,27,50.8361532158333,-115.2213652675,17,0.14,66
"Fortress Ridge","23_075",2023-03-16,28,50.836107135,-115.221460410556,19,0.12,66
"Fortress Ridge","23_075",2023-03-16,29,50.8360851697222,-115.221507652222,20,0.11,66
"Fortress Ridge","23_075",2023-03-16,30,50.8362920027778,-115.221030846944,10,0.18,66
"Fortress Ridge","23_075",2023-03-16,32,50.8361542033333,-115.221361106389,18,0.14,66
"Bonsai","23_075",2023-03-16,33,50.8210925972222,-115.214080616667,1,1.55,115
"Bonsai","23_075",2023-03-16,34,50.8210733388889,-115.214076831944,2,1.59,115
"Bonsai","23_075",2023-03-16,35,50.8210512869444,-115.2140737375,3,1.58,115
"Bonsai","23_075",2023-03-16,36,50.8210331672222,-115.214079289167,4,1.54,115
"Bonsai","23_075",2023-03-16,37,50.8210288555556,-115.214113023056,5,1.54,115
"Bonsai","23_075",2023-03-16,38,50.8210184925,-115.214148176111,6,1.56,115
"Bonsai","23_075",2023-03-16,39,50.8209941463889,-115.214152488889,7,1.57,115
"Bonsai","23_075",2023-03-16,40,50.8209726775,-115.2141556725,8,1.54,115
"Bonsai","23_075",2023-03-16,41,50.8209493722222,-115.214161263333,9,1.61,115
"Bonsai","23_075",2023-03-16,42,50.8209278047222,-115.214164600833,10,1.57,115
"Canadian Ridge","23_075",2023-03-16,45,50.8215341663889,-115.206290170278,1,0.62,114
"Canadian Ridge","23_075",2023-03-16,46,50.8215436322222,-115.2063275725,2,1.19,114
"Canadian Ridge","23_075",2023-03-16,47,50.8215527772222,-115.206365620833,3,1.38,114
"Canadian Ridge","23_075",2023-03-16,48,50.8215703522222,-115.206418186944,4,1.49,114
"Canadian Ridge","23_075",2023-03-16,49,50.8215654919444,-115.206492997222,5,1.29,114
"Canadian Ridge","23_075",2023-03-16,50,50.8215824827778,-115.206526681111,6,1.07,114
"Canadian Ridge","23_075",2023-03-16,51,50.8215989144445,-115.206568255556,7,0.96,114
"Canadian Ridge","23_075",2023-03-16,52,50.8216018625,-115.206622156944,8,1,114
"Canadian Ridge","23_075",2023-03-16,53,50.8216233913889,-115.206644906944,9,1.1,114
"Canadian Ridge","23_075",2023-03-16,54,50.8216229580556,-115.206646295278,10,0.89,114
"Canadian Ridge","23_075",2023-03-16,55,50.8216447708333,-115.20671187,11,0.99,114
"Canadian Ridge","23_075",2023-03-16,56,50.8216546575,-115.206759575556,12,1.14,114
"Canadian Ridge","23_075",2023-03-16,57,50.8216774675,-115.20678789,13,0.91,114
"Canadian Ridge","23_075",2023-03-16,58,50.8216930961111,-115.20682106,15,0.81,114
"Powerline","23_075",2023-03-16,59,50.8259648602778,-115.198191596111,1,1.31,114
"Powerline","23_075",2023-03-16,60,50.8259582333333,-115.198153543889,2,0.84,114
"Powerline","23_075",2023-03-16,61,50.8260442519444,-115.197868465556,10,1,114
"Powerline","23_075",2023-03-16,62,50.8260489861111,-115.197834332778,12,1.16,114
"Powerline","23_075",2023-03-16,63,50.82606518,-115.197758981389,13,1.34,114
"Powerline","23_075",2023-03-16,64,50.8260728272222,-115.197733081667,14,1.27,114
"Powerline","23_075",2023-03-16,65,50.8260861269444,-115.197697274167,15,1.45,114
"Fortress Ridge South","23_088",2023-03-29,2,50.8383484244444,-115.215935744444,1,1.75,161
"Fortress Ridge South","23_088",2023-03-29,3,50.838330995,-115.215894559444,2,2.18,161
"Fortress Ridge South","23_088",2023-03-29,4,50.8383215330556,-115.215866156111,3,2.66,161
"Fortress Ridge South","23_088",2023-03-29,5,50.8383175547222,-115.215808436667,4,1.87,161
"Fortress Ridge South","23_088",2023-03-29,6,50.8382904038889,-115.215804116111,5,2.23,161
"Fortress Ridge South","23_088",2023-03-29,7,50.8382888416667,-115.215845210556,6,2.06,161
"Fortress Ridge South","23_088",2023-03-29,8,50.8382638963889,-115.2158003325,7,2.45,161
"Fortress Ridge South","23_088",2023-03-29,10,50.8382176333333,-115.215740616111,8,1.98,161
"Fortress Ridge South","23_088",2023-03-29,11,50.8381934355556,-115.215756576667,9,0.96,161
"Fortress Ridge South","23_088",2023-03-29,12,50.8381636347222,-115.215773258611,10,1.15,161
"Fortress Ridge South","23_088",2023-03-29,13,50.8381387144444,-115.2157897525,11,1.3,161
"Fortress Ridge South","23_088",2023-03-29,14,50.8381101972222,-115.215809893611,12,1.39,161
"Fortress Ridge South","23_088",2023-03-29,15,50.8380821427778,-115.215810605,13,1.4,161
"Fortress Ridge South","23_088",2023-03-29,16,50.8380576772222,-115.21581012,14,1.54,161
"Fortress Ridge South","23_088",2023-03-29,17,50.8382355313889,-115.215867586944,15,1.68,161
"Fortress Ridge","23_088",2023-03-29,21,50.8364218863889,-115.220600988333,2,0.36,68
"Fortress Ridge","23_088",2023-03-29,22,50.8364001327778,-115.220627905556,3,0.31,68
"Fortress Ridge","23_088",2023-03-29,23,50.8363781813889,-115.220647994167,4,0.35,68
"Fortress Ridge","23_088",2023-03-29,24,50.8363551258333,-115.220667001944,5,0.39,68
"Fortress Ridge","23_088",2023-03-29,25,50.8363283630556,-115.220697273611,6,0.44,68
"Fortress Ridge","23_088",2023-03-29,26,50.8363106033333,-115.220728750833,7,0.46,68
"Fortress Ridge","23_088",2023-03-29,27,50.83629028,-115.220761749444,8,0.3,68
"Fortress Ridge","23_088",2023-03-29,28,50.8362701911111,-115.22079144,9,0.36,68
"Fortress Ridge","23_088",2023-03-29,29,50.8362529038889,-115.220820728333,10,0.38,68
"Fortress Ridge","23_088",2023-03-29,30,50.8362312155556,-115.220855315278,11,0.37,68
"Fortress Ridge","23_088",2023-03-29,31,50.8362138402778,-115.220884402222,12,0.37,68
"Fortress Ridge","23_088",2023-03-29,32,50.8361930952778,-115.220916352222,13,0.43,68
"Fortress Ridge","23_088",2023-03-29,33,50.8361664688889,-115.220946188889,14,0.44,68
"Fortress Ridge","23_088",2023-03-29,34,50.8210937833333,-115.214078688333,15,0.45,68
"Bonsai","23_088",2023-03-29,35,50.8210705486111,-115.214070578333,1,1.63,114
"Bonsai","23_088",2023-03-29,36,50.8210469436111,-115.214068044167,2,1.77,114
"Bonsai","23_088",2023-03-29,37,50.8210296152778,-115.214080725556,3,1.73,114
"Bonsai","23_088",2023-03-29,38,50.82102769,-115.214112451667,4,1.69,114
"Bonsai","23_088",2023-03-29,39,50.8210156922222,-115.214151024167,5,1.69,114
"Bonsai","23_088",2023-03-29,40,50.820990875,-115.214149455556,6,1.68,114
"Bonsai","23_088",2023-03-29,41,50.8209671325,-115.214154733889,7,1.7,114
"Bonsai","23_088",2023-03-29,42,50.8209456052778,-115.214161286944,8,1.7,114
"Bonsai","23_088",2023-03-29,43,50.8209271788889,-115.21416478,9,1.77,114
"Bonsai","23_088",2023-03-29,44,50.8209528736111,-115.214128241389,10,1.69,114
"Canadian Ridge","23_088",2023-03-29,46,50.8215282438889,-115.206303503889,1,0.57,114
"Canadian Ridge","23_088",2023-03-29,47,50.8215463838889,-115.206345063056,2,1.26,114
"Canadian Ridge","23_088",2023-03-29,48,50.8215574430556,-115.206384090278,3,1.6,114
"Canadian Ridge","23_088",2023-03-29,49,50.8215700777778,-115.206428233056,4,1.66,114
"Canadian Ridge","23_088",2023-03-29,50,50.8215802283333,-115.206478171389,5,1.35,114
"Canadian Ridge","23_088",2023-03-29,51,50.8215814188889,-115.206513574167,6,1.24,114
"Canadian Ridge","23_088",2023-03-29,53,50.8216015477778,-115.206572653611,7,1.17,114
"Canadian Ridge","23_088",2023-03-29,54,50.8216114275,-115.206605450833,8,1.12,114
"Canadian Ridge","23_088",2023-03-29,55,50.8216223791667,-115.206641442778,9,1.08,114
"Canadian Ridge","23_088",2023-03-29,56,50.8216344963889,-115.2066768,10,1.09,114
"Canadian Ridge","23_088",2023-03-29,57,50.8216476061111,-115.206706766111,11,1.1,114
"Canadian Ridge","23_088",2023-03-29,58,50.8216584819444,-115.206730948056,12,1.13,114
"Canadian Ridge","23_088",2023-03-29,59,50.8216820908333,-115.206790185278,13,1.06,114
"Canadian Ridge","23_088",2023-03-29,60,50.8259651988889,-115.198193718889,15,0.99,114
"Powerline","23_088",2023-03-29,69,50.8260286875,-115.197901519444,9,1.33,114
"Powerline","23_088",2023-03-29,70,50.8260409244444,-115.197868025556,10,1.1,114
"Powerline","23_088",2023-03-29,71,50.8260501261111,-115.197822677222,11,1.11,114
"Powerline","23_088",2023-03-29,72,50.8260573958333,-115.197789208333,12,1.36,114
"Powerline","23_088",2023-03-29,74,50.8260767175,-115.197710253611,14,1.4,114
"Powerline","23_088",2023-03-29,75,50.8260973838889,-115.198319205833,15,1.25,114
"Fortress Ridge South","23_110",2023-04-20,1,50.8383574905556,-115.215806048889,1,2.62,161
"Fortress Ridge South","23_110",2023-04-20,2,50.8383283522222,-115.215810300833,2,2.44,161
"Fortress Ridge South","23_110",2023-04-20,3,50.8383078547222,-115.215822193611,3,2.7,161
"Fortress Ridge South","23_110",2023-04-20,4,50.8382778838889,-115.215833882222,4,2.34,161
"Fortress Ridge South","23_110",2023-04-20,5,50.8382532033333,-115.215845814167,5,2.67,161
"Fortress Ridge South","23_110",2023-04-20,6,50.8382306694444,-115.215856046667,6,2.35,161
"Fortress Ridge South","23_110",2023-04-20,7,50.8382056391667,-115.215868366111,7,1.94,161
"Fortress Ridge South","23_110",2023-04-20,8,50.8381762613889,-115.215860361667,8,1.94,161
"Fortress Ridge South","23_110",2023-04-20,9,50.8381513916667,-115.215858248611,9,2.03,161
"Fortress Ridge South","23_110",2023-04-20,10,50.8381254258333,-115.215857866389,10,1.85,161
"Fortress Ridge","23_110",2023-04-20,14,50.8364618925,-115.220542705278,1,0.25,66
"Fortress Ridge","23_110",2023-04-20,15,50.8364464741667,-115.220586538889,2,0.23,66
"Fortress Ridge","23_110",2023-04-20,16,50.8364290319444,-115.220630093611,3,0.2,66
"Fortress Ridge","23_110",2023-04-20,17,50.8364094113889,-115.220677854722,4,0.26,66
"Fortress Ridge","23_110",2023-04-20,18,50.8363890227778,-115.220730596389,5,0.2,66
"Fortress Ridge","23_110",2023-04-20,19,50.83636692,-115.2207799525,6,0.21,66
"Fortress Ridge","23_110",2023-04-20,20,50.8363460761111,-115.220823230833,7,0.15,66
"Fortress Ridge","23_110",2023-04-20,21,50.8363222722222,-115.220866854722,8,0.33,66
"Fortress Ridge","23_110",2023-04-20,22,50.8363007816667,-115.220908044167,9,0.45,66
"Fortress Ridge","23_110",2023-04-20,23,50.8362788936111,-115.220948928333,10,0.42,66
"Fortress Ridge","23_110",2023-04-20,24,50.8362592002778,-115.220993973056,11,0.51,66
"Fortress Ridge","23_110",2023-04-20,25,50.8362338458333,-115.221040267778,12,0.37,66
"Fortress Ridge","23_110",2023-04-20,26,50.8362110569444,-115.2210832,13,0.32,66
"Fortress Ridge","23_110",2023-04-20,27,50.8361905902778,-115.221130455833,14,0.22,66
"Fortress Ridge","23_110",2023-04-20,28,50.8361647088889,-115.221178913333,15,0.21,66
"Fortress Ridge","23_110",2023-04-20,29,50.8361408397222,-115.221225488333,16,0.32,66
"Fortress Ridge","23_110",2023-04-20,30,50.8361168477778,-115.221272597778,17,0.17,66
"Fortress Ridge","23_110",2023-04-20,31,50.8360939827778,-115.221317564167,18,0.27,66
"Fortress Ridge","23_110",2023-04-20,32,50.8360702055556,-115.221367300278,19,0.22,66
"Fortress Ridge","23_110",2023-04-20,33,50.8360426558333,-115.22141171,20,0.14,66
"Bonsai","23_110",2023-04-20,34,50.8210918808333,-115.214080531667,1,1.72,113
"Bonsai","23_110",2023-04-20,35,50.8210655844444,-115.214075209167,2,1.79,113
"Bonsai","23_110",2023-04-20,36,50.8210385422222,-115.214070382778,3,1.81,113
"Bonsai","23_110",2023-04-20,37,50.8210321419444,-115.214101255556,4,1.77,113
"Bonsai","23_110",2023-04-20,38,50.8210260422222,-115.214140120556,5,1.78,113
"Bonsai","23_110",2023-04-20,39,50.8209988327778,-115.21415825,6,1.77,113
"Bonsai","23_110",2023-04-20,40,50.8209738197222,-115.214156962222,7,1.74,113
"Bonsai","23_110",2023-04-20,41,50.8209525308333,-115.214164905,8,1.9,113
"Bonsai","23_110",2023-04-20,42,50.8209275211111,-115.214170839167,9,1.86,113
"Canadian Ridge","23_110",2023-04-20,45,50.8215343441667,-115.206284170833,1,0.97,113
"Canadian Ridge","23_110",2023-04-20,46,50.8215364911111,-115.206333272222,2,1.47,113
"Canadian Ridge","23_110",2023-04-20,47,50.8215404633333,-115.206383001389,3,1.86,113
"Canadian Ridge","23_110",2023-04-20,48,50.8215489952778,-115.206433616389,4,2,113
"Canadian Ridge","23_110",2023-04-20,49,50.8215607197222,-115.206476921111,5,1.89,113
"Canadian Ridge","23_110",2023-04-20,50,50.8215729519444,-115.206520551667,6,1.6,113
"Canadian Ridge","23_110",2023-04-20,51,50.8215863558333,-115.206559614444,7,1.38,113
"Canadian Ridge","23_110",2023-04-20,52,50.8215995541667,-115.206596889722,8,1.33,113
"Canadian Ridge","23_110",2023-04-20,53,50.8216139827778,-115.206638037778,9,1.41,113
"Canadian Ridge","23_110",2023-04-20,54,50.8216313894444,-115.206681632778,10,1.41,113
"Canadian Ridge","23_110",2023-04-20,55,50.8216502494444,-115.206722855,11,1.41,113
"Canadian Ridge","23_110",2023-04-20,56,50.8216648455556,-115.206759686389,12,1.35,113
"Canadian Ridge","23_110",2023-04-20,57,50.8216804827778,-115.206793359722,13,1.25,113
"Powerline","23_110",2023-04-20,58,50.8259656258333,-115.198193446944,1,1.54,113
"Powerline","23_110",2023-04-20,59,50.8259561819444,-115.198151359167,2,1.05,113
"Powerline","23_110",2023-04-20,60,50.8259634463889,-115.198101573889,3,1.4,113
"Powerline","23_110",2023-04-20,61,50.8259727338889,-115.198071013889,4,1.25,113
"Powerline","23_110",2023-04-20,62,50.8259879513889,-115.19802878,5,0.93,113
"Powerline","23_110",2023-04-20,63,50.8259933188889,-115.1979869075,6,1.38,113
"Powerline","23_110",2023-04-20,64,50.8259998977778,-115.1979591125,7,1.26,113
"Powerline","23_110",2023-04-20,65,50.8260149177778,-115.197922945278,8,1.42,113
"Powerline","23_110",2023-04-20,66,50.8260340705556,-115.197898061111,9,1.36,113
"Powerline","23_110",2023-04-20,67,50.8260481108333,-115.197853734722,10,1.32,113
"Powerline","23_110",2023-04-20,68,50.8260547291667,-115.1978075825,11,1.35,113
"Powerline","23_110",2023-04-20,69,50.8260670277778,-115.197760033056,12,1.5,113
"Powerline","23_110",2023-04-20,70,50.8260836738889,-115.197714029444,13,1.49,113
"Powerline","23_115",2023-04-25,60,50.8259619919444,-115.198186821667,1,1.22,114
"Powerline","23_115",2023-04-25,62,50.8259685886111,-115.198078577222,3,1.32,114
"Powerline","23_115",2023-04-25,63,50.8259825616667,-115.198031917778,4,0.86,114
"Powerline","23_115",2023-04-25,66,50.8260268508333,-115.197909175556,7,1.09,114
"Powerline","23_115",2023-04-25,68,50.8260530447222,-115.197821031667,9,1.46,114
"Powerline","23_115",2023-04-25,69,50.8260631894444,-115.197769638333,10,1.44,114
"Powerline","23_115",2023-04-25,70,50.826075435,-115.197731221667,11,1.48,114
"Fortress Ridge South","23_115",2023-04-25,1,50.838341235,-115.215832577778,1,2.54,161
"Fortress Ridge South","23_115",2023-04-25,2,50.8383220552778,-115.215839222222,2,2.54,161
"Fortress Ridge South","23_115",2023-04-25,3,50.8383014883333,-115.215843603333,3,2.32,161
"Fortress Ridge South","23_115",2023-04-25,4,50.8382841616667,-115.215853501667,4,2.15,161
"Fortress Ridge South","23_115",2023-04-25,5,50.8382619102778,-115.215854965278,5,2.46,161
"Fortress Ridge South","23_115",2023-04-25,6,50.8382510119444,-115.215857476111,6,2.15,161
"Fortress Ridge South","23_115",2023-04-25,7,50.8382191330556,-115.215858476389,7,2.11,161
"Fortress Ridge South","23_115",2023-04-25,8,50.8381746336111,-115.215863296667,8,1.74,161
"Fortress Ridge South","23_115",2023-04-25,9,50.8381530547222,-115.215856642222,9,1.8,161
"Fortress Ridge South","23_115",2023-04-25,10,50.83819416,-115.215862118889,10,1.81,161
"Fortress Ridge South","23_115",2023-04-25,11,50.8382301338889,-115.215916672778,11,1.97,161
"Fortress Ridge South","23_115",2023-04-25,12,50.8382228533333,-115.215915773056,12,2.17,161
"Fortress Ridge","23_115",2023-04-25,13,50.83643043,-115.220533214444,1,0.13,68
"Fortress Ridge","23_115",2023-04-25,14,50.8364217663889,-115.220580986111,2,0.09,68
"Fortress Ridge","23_115",2023-04-25,15,50.8364086308333,-115.220619090556,3,0.11,68
"Fortress Ridge","23_115",2023-04-25,16,50.8363930977778,-115.220663807222,4,0.2,68
"Fortress Ridge","23_115",2023-04-25,17,50.8363801922222,-115.220707801667,5,0.16,68
"Fortress Ridge","23_115",2023-04-25,18,50.8363662272222,-115.220751295278,6,0.21,68
"Fortress Ridge","23_115",2023-04-25,19,50.8363530680556,-115.220792975833,7,0.02,68
"Fortress Ridge","23_115",2023-04-25,20,50.8363386819444,-115.220842029167,8,0.14,68
"Fortress Ridge","23_115",2023-04-25,21,50.8363164144444,-115.220877687222,9,0.26,68
"Fortress Ridge","23_115",2023-04-25,22,50.8363002016667,-115.220908101944,10,0.39,68
"Fortress Ridge","23_115",2023-04-25,23,50.8362855033333,-115.220938934167,11,0.26,68
"Fortress Ridge","23_115",2023-04-25,24,50.8362691991667,-115.220973814167,12,0.36,68
"Fortress Ridge","23_115",2023-04-25,25,50.8362510033333,-115.221006750278,13,0.39,68
"Fortress Ridge","23_115",2023-04-25,26,50.8362331016667,-115.221039624167,14,0.29,68
"Fortress Ridge","23_115",2023-04-25,27,50.8362129261111,-115.221082174444,15,0.3,68
"Fortress Ridge","23_115",2023-04-25,28,50.8361989163889,-115.221115656667,16,0.19,68
"Fortress Ridge","23_115",2023-04-25,29,50.8361859711111,-115.221148978333,17,0.13,68
"Fortress Ridge","23_115",2023-04-25,30,50.8361728819444,-115.221172610278,18,0.1,68
"Fortress Ridge","23_115",2023-04-25,31,50.8361541963889,-115.221208694444,19,0.23,68
"Fortress Ridge","23_115",2023-04-25,32,50.8361422605556,-115.221233855,20,0.21,68
"Fortress Ridge","23_115",2023-04-25,33,50.8361294677778,-115.221265253333,21,0.14,68
"Bonsai","23_115",2023-04-25,34,50.8210914288889,-115.214082248611,1,1.6,114
"Bonsai","23_115",2023-04-25,35,50.8210721102778,-115.214078271389,2,1.7,114
"Bonsai","23_115",2023-04-25,36,50.8210485655556,-115.214072412778,3,1.66,114
"Bonsai","23_115",2023-04-25,37,50.8210380541667,-115.214075091111,4,1.68,114
"Bonsai","23_115",2023-04-25,38,50.821031505,-115.214107853889,5,1.65,114
"Bonsai","23_115",2023-04-25,39,50.8210266494444,-115.214140259167,6,1.65,114
"Bonsai","23_115",2023-04-25,40,50.8209975969444,-115.214157104722,7,1.68,114
"Bonsai","23_115",2023-04-25,41,50.8209746041667,-115.214156522222,8,1.68,114
"Bonsai","23_115",2023-04-25,42,50.8209535697222,-115.214164105833,9,1.72,114
"Bonsai","23_115",2023-04-25,43,50.8209323225,-115.214164067778,10,1.75,114
"Bonsai","23_115",2023-04-25,44,50.8209498491667,-115.214103078056,11,1.68,114
"Bonsai","23_115",2023-04-25,45,50.8209487063889,-115.214090956389,12,1.72,114
"Canadian Ridge","23_115",2023-04-25,46,50.8215313402778,-115.206271341944,1,0.69,114
"Canadian Ridge","23_115",2023-04-25,47,50.8215365952778,-115.206316661944,2,0.75,114
"Canadian Ridge","23_115",2023-04-25,48,50.8215392588889,-115.206360784167,3,1.26,114
"Canadian Ridge","23_115",2023-04-25,49,50.82154356,-115.206398378889,4,1.78,114
"Canadian Ridge","23_115",2023-04-25,50,50.8215499511111,-115.206436322222,5,1.91,114
"Canadian Ridge","23_115",2023-04-25,51,50.8215579122222,-115.206465023611,6,1.81,114
"Canadian Ridge","23_115",2023-04-25,52,50.8215669469445,-115.206499075556,7,1.74,114
"Canadian Ridge","23_115",2023-04-25,53,50.8215769294444,-115.206524501389,8,1.42,114
"Canadian Ridge","23_115",2023-04-25,54,50.8215875838889,-115.2065612125,9,1.28,114
"Canadian Ridge","23_115",2023-04-25,55,50.8216020722222,-115.206599822222,10,1.22,114
"Canadian Ridge","23_115",2023-04-25,56,50.8216143808333,-115.206637139167,11,1.31,114
"Canadian Ridge","23_115",2023-04-25,57,50.8216312088889,-115.206676113056,12,1.26,114
"Canadian Ridge","23_115",2023-04-25,58,50.8216446180556,-115.206710958611,13,1.22,114
"Canadian Ridge","23_115",2023-04-25,59,50.8216563713889,-115.206739063333,14,1.28,114
"Fortress Ridge South","23_131",2023-05-11,1,50.8383619613889,-115.215776777778,1,1.74,162
"Fortress Ridge South","23_131",2023-05-11,2,50.8383355022222,-115.215785413889,2,2.01,162
"Fortress Ridge South","23_131",2023-05-11,3,50.8383114194444,-115.215797243056,3,1.4,162
"Fortress Ridge South","23_131",2023-05-11,4,50.8382822452778,-115.215831176389,4,1.47,162
"Fortress Ridge South","23_131",2023-05-11,5,50.8382476108333,-115.215853755556,5,1.58,162
"Fortress Ridge South","23_131",2023-05-11,6,50.8382205686111,-115.215869458056,6,1.57,162
"Fortress Ridge South","23_131",2023-05-11,7,50.8381932897222,-115.215869786389,7,1.08,162
"Fortress Ridge South","23_131",2023-05-11,8,50.838169215,-115.215863653333,8,1.24,162
"Fortress Ridge South","23_131",2023-05-11,9,50.8381459475,-115.215858466944,9,1.11,162
"Fortress Ridge South","23_131",2023-05-11,10,50.8381197238889,-115.215843386667,10,0.8,162
"Fortress Ridge","23_131",2023-05-11,13,50.8364405355556,-115.220555609167,1,0,NA
"Fortress Ridge","23_131",2023-05-11,14,50.8364236088889,-115.220620063889,2,0,NA
"Fortress Ridge","23_131",2023-05-11,15,50.8364017705556,-115.220681855556,3,0,NA
"Fortress Ridge","23_131",2023-05-11,16,50.8363809694444,-115.22073987,4,0,NA
"Fortress Ridge","23_131",2023-05-11,17,50.8363574561111,-115.220798718889,5,0,NA
"Fortress Ridge","23_131",2023-05-11,18,50.8363321333333,-115.220850525278,6,0,NA
"Fortress Ridge","23_131",2023-05-11,19,50.8363083030556,-115.220902080278,7,0,NA
"Fortress Ridge","23_131",2023-05-11,20,50.8362829488889,-115.220953623333,8,0,NA
"Fortress Ridge","23_131",2023-05-11,21,50.8362577525,-115.221002950556,9,0,NA
"Fortress Ridge","23_131",2023-05-11,22,50.8362305305556,-115.221053028611,10,0,NA
"Fortress Ridge","23_131",2023-05-11,23,50.8362034641667,-115.221100587222,11,0,NA
"Fortress Ridge","23_131",2023-05-11,24,50.8361792855556,-115.221153054722,12,0,NA
"Fortress Ridge","23_131",2023-05-11,25,50.8361544125,-115.221207423056,13,0,NA
"Fortress Ridge","23_131",2023-05-11,26,50.8361287961111,-115.221264626111,14,0,NA
"Fortress Ridge","23_131",2023-05-11,27,50.8361044977778,-115.221317411389,15,0,NA
"Fortress Ridge","23_131",2023-05-11,28,50.8360811655556,-115.221369340556,16,0,NA
"Fortress Ridge","23_131",2023-05-11,29,50.8360621205556,-115.221424886389,17,0,NA
"Fortress Ridge","23_131",2023-05-11,30,50.8360406088889,-115.221482624722,18,0,NA
"Fortress Ridge","23_131",2023-05-11,31,50.8360197861111,-115.221535861389,19,0,NA
"Fortress Ridge","23_131",2023-05-11,32,50.8359946052778,-115.2215945075,20,0,NA
"Bonsai","23_131",2023-05-11,33,50.8210892011111,-115.21407898,1,0.98,66
"Bonsai","23_131",2023-05-11,34,50.8210671205556,-115.214078056111,2,1.04,66
"Bonsai","23_131",2023-05-11,35,50.8210421633333,-115.214078608333,3,0.97,66
"Bonsai","23_131",2023-05-11,36,50.8210302522222,-115.214116875556,4,1.07,66
"Bonsai","23_131",2023-05-11,37,50.8210236866667,-115.2141554375,5,1,66
"Bonsai","23_131",2023-05-11,38,50.8209954636111,-115.214158486389,6,1.03,66
"Bonsai","23_131",2023-05-11,39,50.8209717105556,-115.214159736667,7,1.05,66
"Bonsai","23_131",2023-05-11,40,50.8209482108333,-115.214165845,8,1.2,66
"Bonsai","23_131",2023-05-11,41,50.8209343630556,-115.214173360556,9,1.2,66
"Canadian Ridge","23_131",2023-05-11,46,50.8215389336111,-115.206301452778,1,0.48,67
"Canadian Ridge","23_131",2023-05-11,47,50.8215414019445,-115.206348775556,2,0.71,67
"Canadian Ridge","23_131",2023-05-11,48,50.8215459644444,-115.206391943889,3,1.14,67
"Canadian Ridge","23_131",2023-05-11,49,50.8215531188889,-115.206430149722,4,1.37,67
"Canadian Ridge","23_131",2023-05-11,50,50.8215608836111,-115.206465679722,5,1.21,67
"Canadian Ridge","23_131",2023-05-11,51,50.8215715255556,-115.206500809444,6,1.02,67
"Canadian Ridge","23_131",2023-05-11,52,50.8215828872222,-115.206540996389,7,0.75,67
"Canadian Ridge","23_131",2023-05-11,53,50.8215976416667,-115.206574283889,8,0.69,67
"Canadian Ridge","23_131",2023-05-11,54,50.8216083222222,-115.20661351,9,0.65,67
"Canadian Ridge","23_131",2023-05-11,55,50.8216235488889,-115.206660748056,10,0.72,67
"Canadian Ridge","23_131",2023-05-11,56,50.8216395241667,-115.206688632778,11,0.57,67
"Canadian Ridge","23_131",2023-05-11,57,50.8216526463889,-115.206722497778,12,0.59,67
"Canadian Ridge","23_131",2023-05-11,58,50.8216666919445,-115.206758191111,13,0.59,67
"Canadian Ridge","23_131",2023-05-11,59,50.8216785861111,-115.206783506944,14,0.6,67
"Canadian Ridge","23_131",2023-05-11,60,50.8216907966667,-115.206820728333,15,0.6,67
"Powerline","23_131",2023-05-11,61,50.8259688336111,-115.198193241389,1,0.95,67
"Powerline","23_131",2023-05-11,62,50.8259584777778,-115.198156068611,2,0.5,67
"Powerline","23_131",2023-05-11,63,50.8259936402778,-115.197996271389,6,0.63,67
"Powerline","23_131",2023-05-11,64,50.8260325405556,-115.197902101389,9,0.71,67
"Powerline","23_131",2023-05-11,67,50.8260513813889,-115.19782795,11,0.88,67
"Powerline","23_131",2023-05-11,68,50.8260580844444,-115.197779283333,12,0.9,67
"Powerline","23_131",2023-05-11,69,50.8260699105556,-115.197751981944,13,0.81,67
"Powerline","23_131",2023-05-11,70,50.8260906169444,-115.1977127725,14,0.93,67
"Fortress Ridge South","23_144",2023-05-24,3,50.8215275155556,-115.20624167,3,0.64,36
"Canadian Ridge","23_144",2023-05-24,19,50.8215279875,-115.206242496944,1,0,36
"Canadian Ridge","23_144",2023-05-24,20,50.8215402836111,-115.206301804167,2,0,36
"Canadian Ridge","23_144",2023-05-24,21,50.8215495858333,-115.206361791667,3,0,36
"Canadian Ridge","23_144",2023-05-24,22,50.8215555869444,-115.206390668056,4,0.12,36
"Canadian Ridge","23_144",2023-05-24,23,50.8215636825,-115.206432251111,5,0.26,36
"Canadian Ridge","23_144",2023-05-24,24,50.8215739958333,-115.206467023611,6,0.1,36
"Canadian Ridge","23_144",2023-05-24,25,50.8215872527778,-115.206514445,7,0,36
"Canadian Ridge","23_144",2023-05-24,26,50.8215995911111,-115.2065663375,8,0,36
"Canadian Ridge","23_144",2023-05-24,27,50.8216198594444,-115.206623194167,9,0,36
"Canadian Ridge","23_144",2023-05-24,28,50.8216365444444,-115.206687366944,10,0,36
"Canadian Ridge","23_144",2023-05-24,29,50.8216464502778,-115.206740913611,11,0,36
"Powerline","23_144",2023-05-24,30,50.8259601541667,-115.198190224722,1,0,36
"Powerline","23_144",2023-05-24,39,50.8260308305556,-115.197821099722,9,0.22,36
"Powerline","23_144",2023-05-24,40,50.8260463447222,-115.197773359722,10,0.07,36
"Powerline","23_144",2023-05-24,41,50.8260671627778,-115.197743698611,11,0,36
"Powerline","23_144",2023-05-24,42,50.8260885147222,-115.197706700556,12,0,36
